Workbook

Sheet WC
A1: Work code labor rates
A3: Shop Labor Rate | B3: 97 | D3: old rate 92 | E3: increase effective 1-1-26
A5: Work Code | B5: Description | C5: Hourly Rate | D5: Estimated Units | E5: Total
A6: 2010 | B6: Routing Labor | C6: =$B$3 -> 97 | D6: =(SUMIF('Freeform time and material'!$A$33:$A$44,A6,'Freeform time and material'!$G$33:$G$44)) + (SUMIF('Vinyl cutting'!$A$33:$A$44,A6,'Vinyl cutting'!$G$33:$G$44)) + (SUMIF('Vinyl cutting (2)'!$A$33:$A$44,A6,'Vinyl cutting (2)'!$G$33:$G$44)) + (SUMIF('Apply vinyl graphics'!$A$33:$A$44,A6,'Apply vinyl graphics'!$G$33:$G$44)) + (SUMIF('Apply vinyl graphics (2)'!$A$33:$A$44,A6,'Apply vinyl graphics (2)'!$G$33:$G$44)) + (SUMIF('Alum pan sign'!$A$33:$A$44,A6,'Alum pan sign'!$G$33:$G$44)) + (SUMIF('Alum pan sign (2)'!$A$33:$A$44,A6,'Alum pan sign (2)'!$G$33:$G$44)) + (SUMIF('Economy pan sign'!$A$33:$A$44,A6,'Economy pan sign'!$G$33:$G$44)) + (SUMIF('Post and panel sign'!$A$33:$A$44,A6,'Post and panel sign'!$G$33:$G$44)) + (SUMIF('Post and panel sign (2)'!$A$33:$A$44,A6,'Post and panel sign (2)'!$G$33:$G$44)) + (SUMIF('Flat panels only'!$A$33:$A$44,A6,'Flat panels only'!$G$33:$G$44)) + (SUMIF('Flat panels only (2)'!$A$33:$A$44,A6,'Flat panels only (2)'!$G$33:$G$44)) + (SUMIF('Routed panel shapes'!$A$34:$A$45,A6,'Routed panel shapes'!$G$34:$G$45)) + (SUMIF('Routed panel shapes (2)'!$A$34:$A$45,A6,'Routed panel shapes (2)'!$G$34:$G$45)) + (SUMIF('Routed face only'!$A$33:$A$44,A6,'Routed face only'!$G$33:$G$44)) + (SUMIF('Routed face only (2)'!$A$33:$A$44,A6,'Routed face only (2)'!$G$33:$G$44)) + (SUMIF('Routed alum faces letters'!$A$33:$A$44,A6,'Routed alum faces letters'!$G$33:$G$44)) + (SUMIF('Routed alum faces letters (2)'!$A$33:$A$44,A6,'Routed alum faces letters (2)'!$G$33:$G$44)) + (SUMIF('Routed push through acrylic'!$A$33:$A$44,A6,'Routed push through acrylic'!$G$33:$G$44)) + (SUMIF('Routed push through acrylic (2)'!$A$33:$A$44,A6,'Routed push through acrylic (2)'!$G$33:$G$44)) + (SUMIF('Sf routed cabinet'!$A$33:$A$44,A6,'Sf routed cabinet'!$G$33:$G$44)) + (SUMIF('Sf routed cabinet (2)'!$A$33:$A$44,A6,'Sf routed cabinet (2)'!$G$33:$G$44)) + (SUMIF('Df routed cabinet'!$A$33:$A$44,A6,'Df routed cabinet'!$G$33:$G$44)) + (SUMIF('Df routed cabinet (2)'!$A$33:$A$44,A6,'Df routed cabinet (2)'!$G$33:$G$44)) + (SUMIF('Sf acrylic cabinet'!$A$33:$A$44,A6,'Sf acrylic cabinet'!$G$33:$G$44)) + (SUMIF('Sf acrylic cabinet (2)'!$A$33:$A$44,A6,'Sf acrylic cabinet (2)'!$G$33:$G$44)) + (SUMIF('Economy Sf acrylic'!$A$33:$A$44,A6,'Economy Sf acrylic'!$G$33:$G$44)) + (SUMIF('Df acrylic cabinet'!$A$33:$A$44,A6,'Df acrylic cabinet'!$G$33:$G$44)) + (SUMIF('Df acrylic cabinet (2)'!$A$33:$A$44,A6,'Df acrylic cabinet (2)'!$G$33:$G$44)) + (SUMIF('Sf flex cabinet'!$A$33:$A$44,A6,'Sf flex cabinet'!$G$33:$G$44)) + (SUMIF('Sf flex cabinet (2)'!$A$33:$A$44,A6,'Sf flex cabinet (2)'!$G$33:$G$44)) + (SUMIF('Df flex cabinet'!$A$39:$A$50,A6,'Df flex cabinet'!$G$39:$G$50)) + (SUMIF('Df flex cabinet (2)'!$A$39:$A$50,A6,'Df flex cabinet (2)'!$G$39:$G$50)) + (SUMIF('Pole cover'!$A$33:$A$44,A6,'Pole cover'!$G$33:$G$44)) + (SUMIF('Pole cover (2)'!$A$33:$A$44,A6,'Pole cover (2)'!$G$33:$G$44)) + (SUMIF('Structural Steel Fab'!$A$33:$A$44,A6,'Structural Steel Fab'!$G$33:$G$44)) + (SUMIF(Reveal!$A$33:$A$44,A6,Reveal!$G$33:$G$44)) + (SUMIF('Reveal (2)'!$A$33:$A$44,A6,'Reveal (2)'!$G$33:$G$44)) + (SUMIF('Crown cove top'!$A$33:$A$44,A6,'Crown cove top'!$G$33:$G$44)) + (SUMIF('EMC assembly'!$A$33:$A$44,A6,'EMC assembly'!$G$33:$G$44)) + (SUMIF(Crating!$A$33:$A$44,A6,Crating!$G$33:$G$44)) + (SUMIF('LED wiring'!$A$33:$A$44,A6,'LED wiring'!$G$33:$G$44)) + (SUMIF('Changeable copy face'!$A$33:$A$44,A6,'Changeable copy face'!$G$33:$G$44)) + (SUMIF('Flex face assembly'!$A$33:$A$44,A6,'Flex face assembly'!$G$33:$G$44)) + (SUMIF('Routed face assembly'!$A$33:$A$44,A6,'Routed face assembly'!$G$33:$G$44)) + (SUMIF('Paint calculation'!$A$33:$A$44,A6,'Paint calculation'!$G$33:$G$44)) + (SUMIF('Trimcap letter face'!$A$33:$A$44,A6,'Trimcap letter face'!$G$33:$G$44)) + (SUMIF('Trimcap letter face (2)'!$A$33:$A$44,A6,'Trimcap letter face (2)'!$G$33:$G$44)) + (SUMIF('Channel letter fabrication'!$A$33:$A$44,A6,'Channel letter fabrication'!$G$33:$G$44)) + (SUMIF('Channel letter fabrication (2)'!$A$33:$A$44,A6,'Channel letter fabrication (2)'!$G$33:$G$44)) -> 28.25 | E6: =C6*D6 -> 2740.25
A7: 2011 | B7: Cabinet Metal Labor | C7: =$B$3 -> 97 | D7: =(SUMIF('Freeform time and material'!$A$33:$A$44,A7,'Freeform time and material'!$G$33:$G$44)) + (SUMIF('Vinyl cutting'!$A$33:$A$44,A7,'Vinyl cutting'!$G$33:$G$44)) + (SUMIF('Vinyl cutting (2)'!$A$33:$A$44,A7,'Vinyl cutting (2)'!$G$33:$G$44)) + (SUMIF('Apply vinyl graphics'!$A$33:$A$44,A7,'Apply vinyl graphics'!$G$33:$G$44)) + (SUMIF('Apply vinyl graphics (2)'!$A$33:$A$44,A7,'Apply vinyl graphics (2)'!$G$33:$G$44)) + (SUMIF('Alum pan sign'!$A$33:$A$44,A7,'Alum pan sign'!$G$33:$G$44)) + (SUMIF('Alum pan sign (2)'!$A$33:$A$44,A7,'Alum pan sign (2)'!$G$33:$G$44)) + (SUMIF('Economy pan sign'!$A$33:$A$44,A7,'Economy pan sign'!$G$33:$G$44)) + (SUMIF('Post and panel sign'!$A$33:$A$44,A7,'Post and panel sign'!$G$33:$G$44)) + (SUMIF('Post and panel sign (2)'!$A$33:$A$44,A7,'Post and panel sign (2)'!$G$33:$G$44)) + (SUMIF('Flat panels only'!$A$33:$A$44,A7,'Flat panels only'!$G$33:$G$44)) + (SUMIF('Flat panels only (2)'!$A$33:$A$44,A7,'Flat panels only (2)'!$G$33:$G$44)) + (SUMIF('Routed panel shapes'!$A$34:$A$45,A7,'Routed panel shapes'!$G$34:$G$45)) + (SUMIF('Routed panel shapes (2)'!$A$34:$A$45,A7,'Routed panel shapes (2)'!$G$34:$G$45)) + (SUMIF('Routed face only'!$A$33:$A$44,A7,'Routed face only'!$G$33:$G$44)) + (SUMIF('Routed face only (2)'!$A$33:$A$44,A7,'Routed face only (2)'!$G$33:$G$44)) + (SUMIF('Routed alum faces letters'!$A$33:$A$44,A7,'Routed alum faces letters'!$G$33:$G$44)) + (SUMIF('Routed alum faces letters (2)'!$A$33:$A$44,A7,'Routed alum faces letters (2)'!$G$33:$G$44)) + (SUMIF('Routed push through acrylic'!$A$33:$A$44,A7,'Routed push through acrylic'!$G$33:$G$44)) + (SUMIF('Routed push through acrylic (2)'!$A$33:$A$44,A7,'Routed push through acrylic (2)'!$G$33:$G$44)) + (SUMIF('Sf routed cabinet'!$A$33:$A$44,A7,'Sf routed cabinet'!$G$33:$G$44)) + (SUMIF('Sf routed cabinet (2)'!$A$33:$A$44,A7,'Sf routed cabinet (2)'!$G$33:$G$44)) + (SUMIF('Df routed cabinet'!$A$33:$A$44,A7,'Df routed cabinet'!$G$33:$G$44)) + (SUMIF('Df routed cabinet (2)'!$A$33:$A$44,A7,'Df routed cabinet (2)'!$G$33:$G$44)) + (SUMIF('Sf acrylic cabinet'!$A$33:$A$44,A7,'Sf acrylic cabinet'!$G$33:$G$44)) + (SUMIF('Sf acrylic cabinet (2)'!$A$33:$A$44,A7,'Sf acrylic cabinet (2)'!$G$33:$G$44)) + (SUMIF('Economy Sf acrylic'!$A$33:$A$44,A7,'Economy Sf acrylic'!$G$33:$G$44)) + (SUMIF('Df acrylic cabinet'!$A$33:$A$44,A7,'Df acrylic cabinet'!$G$33:$G$44)) + (SUMIF('Df acrylic cabinet (2)'!$A$33:$A$44,A7,'Df acrylic cabinet (2)'!$G$33:$G$44)) + (SUMIF('Sf flex cabinet'!$A$33:$A$44,A7,'Sf flex cabinet'!$G$33:$G$44)) + (SUMIF('Sf flex cabinet (2)'!$A$33:$A$44,A7,'Sf flex cabinet (2)'!$G$33:$G$44)) + (SUMIF('Df flex cabinet'!$A$39:$A$50,A7,'Df flex cabinet'!$G$39:$G$50)) + (SUMIF('Df flex cabinet (2)'!$A$39:$A$50,A7,'Df flex cabinet (2)'!$G$39:$G$50)) + (SUMIF('Pole cover'!$A$33:$A$44,A7,'Pole cover'!$G$33:$G$44)) + (SUMIF('Pole cover (2)'!$A$33:$A$44,A7,'Pole cover (2)'!$G$33:$G$44)) + (SUMIF('Structural Steel Fab'!$A$33:$A$44,A7,'Structural Steel Fab'!$G$33:$G$44)) + (SUMIF(Reveal!$A$33:$A$44,A7,Reveal!$G$33:$G$44)) + (SUMIF('Reveal (2)'!$A$33:$A$44,A7,'Reveal (2)'!$G$33:$G$44)) + (SUMIF('Crown cove top'!$A$33:$A$44,A7,'Crown cove top'!$G$33:$G$44)) + (SUMIF('EMC assembly'!$A$33:$A$44,A7,'EMC assembly'!$G$33:$G$44)) + (SUMIF(Crating!$A$33:$A$44,A7,Crating!$G$33:$G$44)) + (SUMIF('LED wiring'!$A$33:$A$44,A7,'LED wiring'!$G$33:$G$44)) + (SUMIF('Changeable copy face'!$A$33:$A$44,A7,'Changeable copy face'!$G$33:$G$44)) + (SUMIF('Flex face assembly'!$A$33:$A$44,A7,'Flex face assembly'!$G$33:$G$44)) + (SUMIF('Routed face assembly'!$A$33:$A$44,A7,'Routed face assembly'!$G$33:$G$44)) + (SUMIF('Paint calculation'!$A$33:$A$44,A7,'Paint calculation'!$G$33:$G$44)) + (SUMIF('Trimcap letter face'!$A$33:$A$44,A7,'Trimcap letter face'!$G$33:$G$44)) + (SUMIF('Trimcap letter face (2)'!$A$33:$A$44,A7,'Trimcap letter face (2)'!$G$33:$G$44)) + (SUMIF('Channel letter fabrication'!$A$33:$A$44,A7,'Channel letter fabrication'!$G$33:$G$44)) + (SUMIF('Channel letter fabrication (2)'!$A$33:$A$44,A7,'Channel letter fabrication (2)'!$G$33:$G$44)) -> 57.5625 | E7: =C7*D7 -> 5583.5625
A8: 2014 | B8: Letter Metal Labor | C8: =$B$3 -> 97 | D8: =(SUMIF('Freeform time and material'!$A$33:$A$44,A8,'Freeform time and material'!$G$33:$G$44)) + (SUMIF('Vinyl cutting'!$A$33:$A$44,A8,'Vinyl cutting'!$G$33:$G$44)) + (SUMIF('Vinyl cutting (2)'!$A$33:$A$44,A8,'Vinyl cutting (2)'!$G$33:$G$44)) + (SUMIF('Apply vinyl graphics'!$A$33:$A$44,A8,'Apply vinyl graphics'!$G$33:$G$44)) + (SUMIF('Apply vinyl graphics (2)'!$A$33:$A$44,A8,'Apply vinyl graphics (2)'!$G$33:$G$44)) + (SUMIF('Alum pan sign'!$A$33:$A$44,A8,'Alum pan sign'!$G$33:$G$44)) + (SUMIF('Alum pan sign (2)'!$A$33:$A$44,A8,'Alum pan sign (2)'!$G$33:$G$44)) + (SUMIF('Economy pan sign'!$A$33:$A$44,A8,'Economy pan sign'!$G$33:$G$44)) + (SUMIF('Post and panel sign'!$A$33:$A$44,A8,'Post and panel sign'!$G$33:$G$44)) + (SUMIF('Post and panel sign (2)'!$A$33:$A$44,A8,'Post and panel sign (2)'!$G$33:$G$44)) + (SUMIF('Flat panels only'!$A$33:$A$44,A8,'Flat panels only'!$G$33:$G$44)) + (SUMIF('Flat panels only (2)'!$A$33:$A$44,A8,'Flat panels only (2)'!$G$33:$G$44)) + (SUMIF('Routed panel shapes'!$A$34:$A$45,A8,'Routed panel shapes'!$G$34:$G$45)) + (SUMIF('Routed panel shapes (2)'!$A$34:$A$45,A8,'Routed panel shapes (2)'!$G$34:$G$45)) + (SUMIF('Routed face only'!$A$33:$A$44,A8,'Routed face only'!$G$33:$G$44)) + (SUMIF('Routed face only (2)'!$A$33:$A$44,A8,'Routed face only (2)'!$G$33:$G$44)) + (SUMIF('Routed alum faces letters'!$A$33:$A$44,A8,'Routed alum faces letters'!$G$33:$G$44)) + (SUMIF('Routed alum faces letters (2)'!$A$33:$A$44,A8,'Routed alum faces letters (2)'!$G$33:$G$44)) + (SUMIF('Routed push through acrylic'!$A$33:$A$44,A8,'Routed push through acrylic'!$G$33:$G$44)) + (SUMIF('Routed push through acrylic (2)'!$A$33:$A$44,A8,'Routed push through acrylic (2)'!$G$33:$G$44)) + (SUMIF('Sf routed cabinet'!$A$33:$A$44,A8,'Sf routed cabinet'!$G$33:$G$44)) + (SUMIF('Sf routed cabinet (2)'!$A$33:$A$44,A8,'Sf routed cabinet (2)'!$G$33:$G$44)) + (SUMIF('Df routed cabinet'!$A$33:$A$44,A8,'Df routed cabinet'!$G$33:$G$44)) + (SUMIF('Df routed cabinet (2)'!$A$33:$A$44,A8,'Df routed cabinet (2)'!$G$33:$G$44)) + (SUMIF('Sf acrylic cabinet'!$A$33:$A$44,A8,'Sf acrylic cabinet'!$G$33:$G$44)) + (SUMIF('Sf acrylic cabinet (2)'!$A$33:$A$44,A8,'Sf acrylic cabinet (2)'!$G$33:$G$44)) + (SUMIF('Economy Sf acrylic'!$A$33:$A$44,A8,'Economy Sf acrylic'!$G$33:$G$44)) + (SUMIF('Df acrylic cabinet'!$A$33:$A$44,A8,'Df acrylic cabinet'!$G$33:$G$44)) + (SUMIF('Df acrylic cabinet (2)'!$A$33:$A$44,A8,'Df acrylic cabinet (2)'!$G$33:$G$44)) + (SUMIF('Sf flex cabinet'!$A$33:$A$44,A8,'Sf flex cabinet'!$G$33:$G$44)) + (SUMIF('Sf flex cabinet (2)'!$A$33:$A$44,A8,'Sf flex cabinet (2)'!$G$33:$G$44)) + (SUMIF('Df flex cabinet'!$A$39:$A$50,A8,'Df flex cabinet'!$G$39:$G$50)) + (SUMIF('Df flex cabinet (2)'!$A$39:$A$50,A8,'Df flex cabinet (2)'!$G$39:$G$50)) + (SUMIF('Pole cover'!$A$33:$A$44,A8,'Pole cover'!$G$33:$G$44)) + (SUMIF('Pole cover (2)'!$A$33:$A$44,A8,'Pole cover (2)'!$G$33:$G$44)) + (SUMIF('Structural Steel Fab'!$A$33:$A$44,A8,'Structural Steel Fab'!$G$33:$G$44)) + (SUMIF(Reveal!$A$33:$A$44,A8,Reveal!$G$33:$G$44)) + (SUMIF('Reveal (2)'!$A$33:$A$44,A8,'Reveal (2)'!$G$33:$G$44)) + (SUMIF('Crown cove top'!$A$33:$A$44,A8,'Crown cove top'!$G$33:$G$44)) + (SUMIF('EMC assembly'!$A$33:$A$44,A8,'EMC assembly'!$G$33:$G$44)) + (SUMIF(Crating!$A$33:$A$44,A8,Crating!$G$33:$G$44)) + (SUMIF('LED wiring'!$A$33:$A$44,A8,'LED wiring'!$G$33:$G$44)) + (SUMIF('Changeable copy face'!$A$33:$A$44,A8,'Changeable copy face'!$G$33:$G$44)) + (SUMIF('Flex face assembly'!$A$33:$A$44,A8,'Flex face assembly'!$G$33:$G$44)) + (SUMIF('Routed face assembly'!$A$33:$A$44,A8,'Routed face assembly'!$G$33:$G$44)) + (SUMIF('Paint calculation'!$A$33:$A$44,A8,'Paint calculation'!$G$33:$G$44)) + (SUMIF('Trimcap letter face'!$A$33:$A$44,A8,'Trimcap letter face'!$G$33:$G$44)) + (SUMIF('Trimcap letter face (2)'!$A$33:$A$44,A8,'Trimcap letter face (2)'!$G$33:$G$44)) + (SUMIF('Channel letter fabrication'!$A$33:$A$44,A8,'Channel letter fabrication'!$G$33:$G$44)) + (SUMIF('Channel letter fabrication (2)'!$A$33:$A$44,A8,'Channel letter fabrication (2)'!$G$33:$G$44)) -> 0 | E8: =C8*D8 -> 0
A9: 2016 | B9: Structural Steel Metal Labor | C9: =$B$3 -> 97 | D9: =(SUMIF('Freeform time and material'!$A$33:$A$44,A9,'Freeform time and material'!$G$33:$G$44)) + (SUMIF('Vinyl cutting'!$A$33:$A$44,A9,'Vinyl cutting'!$G$33:$G$44)) + (SUMIF('Vinyl cutting (2)'!$A$33:$A$44,A9,'Vinyl cutting (2)'!$G$33:$G$44)) + (SUMIF('Apply vinyl graphics'!$A$33:$A$44,A9,'Apply vinyl graphics'!$G$33:$G$44)) + (SUMIF('Apply vinyl graphics (2)'!$A$33:$A$44,A9,'Apply vinyl graphics (2)'!$G$33:$G$44)) + (SUMIF('Alum pan sign'!$A$33:$A$44,A9,'Alum pan sign'!$G$33:$G$44)) + (SUMIF('Alum pan sign (2)'!$A$33:$A$44,A9,'Alum pan sign (2)'!$G$33:$G$44)) + (SUMIF('Economy pan sign'!$A$33:$A$44,A9,'Economy pan sign'!$G$33:$G$44)) + (SUMIF('Post and panel sign'!$A$33:$A$44,A9,'Post and panel sign'!$G$33:$G$44)) + (SUMIF('Post and panel sign (2)'!$A$33:$A$44,A9,'Post and panel sign (2)'!$G$33:$G$44)) + (SUMIF('Flat panels only'!$A$33:$A$44,A9,'Flat panels only'!$G$33:$G$44)) + (SUMIF('Flat panels only (2)'!$A$33:$A$44,A9,'Flat panels only (2)'!$G$33:$G$44)) + (SUMIF('Routed panel shapes'!$A$34:$A$45,A9,'Routed panel shapes'!$G$34:$G$45)) + (SUMIF('Routed panel shapes (2)'!$A$34:$A$45,A9,'Routed panel shapes (2)'!$G$34:$G$45)) + (SUMIF('Routed face only'!$A$33:$A$44,A9,'Routed face only'!$G$33:$G$44)) + (SUMIF('Routed face only (2)'!$A$33:$A$44,A9,'Routed face only (2)'!$G$33:$G$44)) + (SUMIF('Routed alum faces letters'!$A$33:$A$44,A9,'Routed alum faces letters'!$G$33:$G$44)) + (SUMIF('Routed alum faces letters (2)'!$A$33:$A$44,A9,'Routed alum faces letters (2)'!$G$33:$G$44)) + (SUMIF('Routed push through acrylic'!$A$33:$A$44,A9,'Routed push through acrylic'!$G$33:$G$44)) + (SUMIF('Routed push through acrylic (2)'!$A$33:$A$44,A9,'Routed push through acrylic (2)'!$G$33:$G$44)) + (SUMIF('Sf routed cabinet'!$A$33:$A$44,A9,'Sf routed cabinet'!$G$33:$G$44)) + (SUMIF('Sf routed cabinet (2)'!$A$33:$A$44,A9,'Sf routed cabinet (2)'!$G$33:$G$44)) + (SUMIF('Df routed cabinet'!$A$33:$A$44,A9,'Df routed cabinet'!$G$33:$G$44)) + (SUMIF('Df routed cabinet (2)'!$A$33:$A$44,A9,'Df routed cabinet (2)'!$G$33:$G$44)) + (SUMIF('Sf acrylic cabinet'!$A$33:$A$44,A9,'Sf acrylic cabinet'!$G$33:$G$44)) + (SUMIF('Sf acrylic cabinet (2)'!$A$33:$A$44,A9,'Sf acrylic cabinet (2)'!$G$33:$G$44)) + (SUMIF('Economy Sf acrylic'!$A$33:$A$44,A9,'Economy Sf acrylic'!$G$33:$G$44)) + (SUMIF('Df acrylic cabinet'!$A$33:$A$44,A9,'Df acrylic cabinet'!$G$33:$G$44)) + (SUMIF('Df acrylic cabinet (2)'!$A$33:$A$44,A9,'Df acrylic cabinet (2)'!$G$33:$G$44)) + (SUMIF('Sf flex cabinet'!$A$33:$A$44,A9,'Sf flex cabinet'!$G$33:$G$44)) + (SUMIF('Sf flex cabinet (2)'!$A$33:$A$44,A9,'Sf flex cabinet (2)'!$G$33:$G$44)) + (SUMIF('Df flex cabinet'!$A$39:$A$50,A9,'Df flex cabinet'!$G$39:$G$50)) + (SUMIF('Df flex cabinet (2)'!$A$39:$A$50,A9,'Df flex cabinet (2)'!$G$39:$G$50)) + (SUMIF('Pole cover'!$A$33:$A$44,A9,'Pole cover'!$G$33:$G$44)) + (SUMIF('Pole cover (2)'!$A$33:$A$44,A9,'Pole cover (2)'!$G$33:$G$44)) + (SUMIF('Structural Steel Fab'!$A$33:$A$44,A9,'Structural Steel Fab'!$G$33:$G$44)) + (SUMIF(Reveal!$A$33:$A$44,A9,Reveal!$G$33:$G$44)) + (SUMIF('Reveal (2)'!$A$33:$A$44,A9,'Reveal (2)'!$G$33:$G$44)) + (SUMIF('Crown cove top'!$A$33:$A$44,A9,'Crown cove top'!$G$33:$G$44)) + (SUMIF('EMC assembly'!$A$33:$A$44,A9,'EMC assembly'!$G$33:$G$44)) + (SUMIF(Crating!$A$33:$A$44,A9,Crating!$G$33:$G$44)) + (SUMIF('LED wiring'!$A$33:$A$44,A9,'LED wiring'!$G$33:$G$44)) + (SUMIF('Changeable copy face'!$A$33:$A$44,A9,'Changeable copy face'!$G$33:$G$44)) + (SUMIF('Flex face assembly'!$A$33:$A$44,A9,'Flex face assembly'!$G$33:$G$44)) + (SUMIF('Routed face assembly'!$A$33:$A$44,A9,'Routed face assembly'!$G$33:$G$44)) + (SUMIF('Paint calculation'!$A$33:$A$44,A9,'Paint calculation'!$G$33:$G$44)) + (SUMIF('Trimcap letter face'!$A$33:$A$44,A9,'Trimcap letter face'!$G$33:$G$44)) + (SUMIF('Trimcap letter face (2)'!$A$33:$A$44,A9,'Trimcap letter face (2)'!$G$33:$G$44)) + (SUMIF('Channel letter fabrication'!$A$33:$A$44,A9,'Channel letter fabrication'!$G$33:$G$44)) + (SUMIF('Channel letter fabrication (2)'!$A$33:$A$44,A9,'Channel letter fabrication (2)'!$G$33:$G$44)) -> 4 | E9: =C9*D9 -> 388
A10: 2099 | B10: Rework Metal Labor | C10: =$B$3 -> 97 | D10: =(SUMIF('Freeform time and material'!$A$33:$A$44,A10,'Freeform time and material'!$G$33:$G$44)) + (SUMIF('Vinyl cutting'!$A$33:$A$44,A10,'Vinyl cutting'!$G$33:$G$44)) + (SUMIF('Vinyl cutting (2)'!$A$33:$A$44,A10,'Vinyl cutting (2)'!$G$33:$G$44)) + (SUMIF('Apply vinyl graphics'!$A$33:$A$44,A10,'Apply vinyl graphics'!$G$33:$G$44)) + (SUMIF('Apply vinyl graphics (2)'!$A$33:$A$44,A10,'Apply vinyl graphics (2)'!$G$33:$G$44)) + (SUMIF('Alum pan sign'!$A$33:$A$44,A10,'Alum pan sign'!$G$33:$G$44)) + (SUMIF('Alum pan sign (2)'!$A$33:$A$44,A10,'Alum pan sign (2)'!$G$33:$G$44)) + (SUMIF('Economy pan sign'!$A$33:$A$44,A10,'Economy pan sign'!$G$33:$G$44)) + (SUMIF('Post and panel sign'!$A$33:$A$44,A10,'Post and panel sign'!$G$33:$G$44)) + (SUMIF('Post and panel sign (2)'!$A$33:$A$44,A10,'Post and panel sign (2)'!$G$33:$G$44)) + (SUMIF('Flat panels only'!$A$33:$A$44,A10,'Flat panels only'!$G$33:$G$44)) + (SUMIF('Flat panels only (2)'!$A$33:$A$44,A10,'Flat panels only (2)'!$G$33:$G$44)) + (SUMIF('Routed panel shapes'!$A$34:$A$45,A10,'Routed panel shapes'!$G$34:$G$45)) + (SUMIF('Routed panel shapes (2)'!$A$34:$A$45,A10,'Routed panel shapes (2)'!$G$34:$G$45)) + (SUMIF('Routed face only'!$A$33:$A$44,A10,'Routed face only'!$G$33:$G$44)) + (SUMIF('Routed face only (2)'!$A$33:$A$44,A10,'Routed face only (2)'!$G$33:$G$44)) + (SUMIF('Routed alum faces letters'!$A$33:$A$44,A10,'Routed alum faces letters'!$G$33:$G$44)) + (SUMIF('Routed alum faces letters (2)'!$A$33:$A$44,A10,'Routed alum faces letters (2)'!$G$33:$G$44)) + (SUMIF('Routed push through acrylic'!$A$33:$A$44,A10,'Routed push through acrylic'!$G$33:$G$44)) + (SUMIF('Routed push through acrylic (2)'!$A$33:$A$44,A10,'Routed push through acrylic (2)'!$G$33:$G$44)) + (SUMIF('Sf routed cabinet'!$A$33:$A$44,A10,'Sf routed cabinet'!$G$33:$G$44)) + (SUMIF('Sf routed cabinet (2)'!$A$33:$A$44,A10,'Sf routed cabinet (2)'!$G$33:$G$44)) + (SUMIF('Df routed cabinet'!$A$33:$A$44,A10,'Df routed cabinet'!$G$33:$G$44)) + (SUMIF('Df routed cabinet (2)'!$A$33:$A$44,A10,'Df routed cabinet (2)'!$G$33:$G$44)) + (SUMIF('Sf acrylic cabinet'!$A$33:$A$44,A10,'Sf acrylic cabinet'!$G$33:$G$44)) + (SUMIF('Sf acrylic cabinet (2)'!$A$33:$A$44,A10,'Sf acrylic cabinet (2)'!$G$33:$G$44)) + (SUMIF('Economy Sf acrylic'!$A$33:$A$44,A10,'Economy Sf acrylic'!$G$33:$G$44)) + (SUMIF('Df acrylic cabinet'!$A$33:$A$44,A10,'Df acrylic cabinet'!$G$33:$G$44)) + (SUMIF('Df acrylic cabinet (2)'!$A$33:$A$44,A10,'Df acrylic cabinet (2)'!$G$33:$G$44)) + (SUMIF('Sf flex cabinet'!$A$33:$A$44,A10,'Sf flex cabinet'!$G$33:$G$44)) + (SUMIF('Sf flex cabinet (2)'!$A$33:$A$44,A10,'Sf flex cabinet (2)'!$G$33:$G$44)) + (SUMIF('Df flex cabinet'!$A$39:$A$50,A10,'Df flex cabinet'!$G$39:$G$50)) + (SUMIF('Df flex cabinet (2)'!$A$39:$A$50,A10,'Df flex cabinet (2)'!$G$39:$G$50)) + (SUMIF('Pole cover'!$A$33:$A$44,A10,'Pole cover'!$G$33:$G$44)) + (SUMIF('Pole cover (2)'!$A$33:$A$44,A10,'Pole cover (2)'!$G$33:$G$44)) + (SUMIF('Structural Steel Fab'!$A$33:$A$44,A10,'Structural Steel Fab'!$G$33:$G$44)) + (SUMIF(Reveal!$A$33:$A$44,A10,Reveal!$G$33:$G$44)) + (SUMIF('Reveal (2)'!$A$33:$A$44,A10,'Reveal (2)'!$G$33:$G$44)) + (SUMIF('Crown cove top'!$A$33:$A$44,A10,'Crown cove top'!$G$33:$G$44)) + (SUMIF('EMC assembly'!$A$33:$A$44,A10,'EMC assembly'!$G$33:$G$44)) + (SUMIF(Crating!$A$33:$A$44,A10,Crating!$G$33:$G$44)) + (SUMIF('LED wiring'!$A$33:$A$44,A10,'LED wiring'!$G$33:$G$44)) + (SUMIF('Changeable copy face'!$A$33:$A$44,A10,'Changeable copy face'!$G$33:$G$44)) + (SUMIF('Flex face assembly'!$A$33:$A$44,A10,'Flex face assembly'!$G$33:$G$44)) + (SUMIF('Routed face assembly'!$A$33:$A$44,A10,'Routed face assembly'!$G$33:$G$44)) + (SUMIF('Paint calculation'!$A$33:$A$44,A10,'Paint calculation'!$G$33:$G$44)) + (SUMIF('Trimcap letter face'!$A$33:$A$44,A10,'Trimcap letter face'!$G$33:$G$44)) + (SUMIF('Trimcap letter face (2)'!$A$33:$A$44,A10,'Trimcap letter face (2)'!$G$33:$G$44)) + (SUMIF('Channel letter fabrication'!$A$33:$A$44,A10,'Channel letter fabrication'!$G$33:$G$44)) + (SUMIF('Channel letter fabrication (2)'!$A$33:$A$44,A10,'Channel letter fabrication (2)'!$G$33:$G$44)) -> 0 | E10: =C10*D10 -> 0
A11: 2110 | B11: Paint Prep Labor | C11: =$B$3 -> 97 | D11: =(SUMIF('Freeform time and material'!$A$33:$A$44,A11,'Freeform time and material'!$G$33:$G$44)) + (SUMIF('Vinyl cutting'!$A$33:$A$44,A11,'Vinyl cutting'!$G$33:$G$44)) + (SUMIF('Vinyl cutting (2)'!$A$33:$A$44,A11,'Vinyl cutting (2)'!$G$33:$G$44)) + (SUMIF('Apply vinyl graphics'!$A$33:$A$44,A11,'Apply vinyl graphics'!$G$33:$G$44)) + (SUMIF('Apply vinyl graphics (2)'!$A$33:$A$44,A11,'Apply vinyl graphics (2)'!$G$33:$G$44)) + (SUMIF('Alum pan sign'!$A$33:$A$44,A11,'Alum pan sign'!$G$33:$G$44)) + (SUMIF('Alum pan sign (2)'!$A$33:$A$44,A11,'Alum pan sign (2)'!$G$33:$G$44)) + (SUMIF('Economy pan sign'!$A$33:$A$44,A11,'Economy pan sign'!$G$33:$G$44)) + (SUMIF('Post and panel sign'!$A$33:$A$44,A11,'Post and panel sign'!$G$33:$G$44)) + (SUMIF('Post and panel sign (2)'!$A$33:$A$44,A11,'Post and panel sign (2)'!$G$33:$G$44)) + (SUMIF('Flat panels only'!$A$33:$A$44,A11,'Flat panels only'!$G$33:$G$44)) + (SUMIF('Flat panels only (2)'!$A$33:$A$44,A11,'Flat panels only (2)'!$G$33:$G$44)) + (SUMIF('Routed panel shapes'!$A$34:$A$45,A11,'Routed panel shapes'!$G$34:$G$45)) + (SUMIF('Routed panel shapes (2)'!$A$34:$A$45,A11,'Routed panel shapes (2)'!$G$34:$G$45)) + (SUMIF('Routed face only'!$A$33:$A$44,A11,'Routed face only'!$G$33:$G$44)) + (SUMIF('Routed face only (2)'!$A$33:$A$44,A11,'Routed face only (2)'!$G$33:$G$44)) + (SUMIF('Routed alum faces letters'!$A$33:$A$44,A11,'Routed alum faces letters'!$G$33:$G$44)) + (SUMIF('Routed alum faces letters (2)'!$A$33:$A$44,A11,'Routed alum faces letters (2)'!$G$33:$G$44)) + (SUMIF('Routed push through acrylic'!$A$33:$A$44,A11,'Routed push through acrylic'!$G$33:$G$44)) + (SUMIF('Routed push through acrylic (2)'!$A$33:$A$44,A11,'Routed push through acrylic (2)'!$G$33:$G$44)) + (SUMIF('Sf routed cabinet'!$A$33:$A$44,A11,'Sf routed cabinet'!$G$33:$G$44)) + (SUMIF('Sf routed cabinet (2)'!$A$33:$A$44,A11,'Sf routed cabinet (2)'!$G$33:$G$44)) + (SUMIF('Df routed cabinet'!$A$33:$A$44,A11,'Df routed cabinet'!$G$33:$G$44)) + (SUMIF('Df routed cabinet (2)'!$A$33:$A$44,A11,'Df routed cabinet (2)'!$G$33:$G$44)) + (SUMIF('Sf acrylic cabinet'!$A$33:$A$44,A11,'Sf acrylic cabinet'!$G$33:$G$44)) + (SUMIF('Sf acrylic cabinet (2)'!$A$33:$A$44,A11,'Sf acrylic cabinet (2)'!$G$33:$G$44)) + (SUMIF('Economy Sf acrylic'!$A$33:$A$44,A11,'Economy Sf acrylic'!$G$33:$G$44)) + (SUMIF('Df acrylic cabinet'!$A$33:$A$44,A11,'Df acrylic cabinet'!$G$33:$G$44)) + (SUMIF('Df acrylic cabinet (2)'!$A$33:$A$44,A11,'Df acrylic cabinet (2)'!$G$33:$G$44)) + (SUMIF('Sf flex cabinet'!$A$33:$A$44,A11,'Sf flex cabinet'!$G$33:$G$44)) + (SUMIF('Sf flex cabinet (2)'!$A$33:$A$44,A11,'Sf flex cabinet (2)'!$G$33:$G$44)) + (SUMIF('Df flex cabinet'!$A$39:$A$50,A11,'Df flex cabinet'!$G$39:$G$50)) + (SUMIF('Df flex cabinet (2)'!$A$39:$A$50,A11,'Df flex cabinet (2)'!$G$39:$G$50)) + (SUMIF('Pole cover'!$A$33:$A$44,A11,'Pole cover'!$G$33:$G$44)) + (SUMIF('Pole cover (2)'!$A$33:$A$44,A11,'Pole cover (2)'!$G$33:$G$44)) + (SUMIF('Structural Steel Fab'!$A$33:$A$44,A11,'Structural Steel Fab'!$G$33:$G$44)) + (SUMIF(Reveal!$A$33:$A$44,A11,Reveal!$G$33:$G$44)) + (SUMIF('Reveal (2)'!$A$33:$A$44,A11,'Reveal (2)'!$G$33:$G$44)) + (SUMIF('Crown cove top'!$A$33:$A$44,A11,'Crown cove top'!$G$33:$G$44)) + (SUMIF('EMC assembly'!$A$33:$A$44,A11,'EMC assembly'!$G$33:$G$44)) + (SUMIF(Crating!$A$33:$A$44,A11,Crating!$G$33:$G$44)) + (SUMIF('LED wiring'!$A$33:$A$44,A11,'LED wiring'!$G$33:$G$44)) + (SUMIF('Changeable copy face'!$A$33:$A$44,A11,'Changeable copy face'!$G$33:$G$44)) + (SUMIF('Flex face assembly'!$A$33:$A$44,A11,'Flex face assembly'!$G$33:$G$44)) + (SUMIF('Routed face assembly'!$A$33:$A$44,A11,'Routed face assembly'!$G$33:$G$44)) + (SUMIF('Paint calculation'!$A$33:$A$44,A11,'Paint calculation'!$G$33:$G$44)) + (SUMIF('Trimcap letter face'!$A$33:$A$44,A11,'Trimcap letter face'!$G$33:$G$44)) + (SUMIF('Trimcap letter face (2)'!$A$33:$A$44,A11,'Trimcap letter face (2)'!$G$33:$G$44)) + (SUMIF('Channel letter fabrication'!$A$33:$A$44,A11,'Channel letter fabrication'!$G$33:$G$44)) + (SUMIF('Channel letter fabrication (2)'!$A$33:$A$44,A11,'Channel letter fabrication (2)'!$G$33:$G$44)) -> 25.5 | E11: =C11*D11 -> 2473.5
A12: 2112 | B12: Paint Cabinet & Letters Labor | C12: =$B$3 -> 97 | D12: =(SUMIF('Freeform time and material'!$A$33:$A$44,A12,'Freeform time and material'!$G$33:$G$44)) + (SUMIF('Vinyl cutting'!$A$33:$A$44,A12,'Vinyl cutting'!$G$33:$G$44)) + (SUMIF('Vinyl cutting (2)'!$A$33:$A$44,A12,'Vinyl cutting (2)'!$G$33:$G$44)) + (SUMIF('Apply vinyl graphics'!$A$33:$A$44,A12,'Apply vinyl graphics'!$G$33:$G$44)) + (SUMIF('Apply vinyl graphics (2)'!$A$33:$A$44,A12,'Apply vinyl graphics (2)'!$G$33:$G$44)) + (SUMIF('Alum pan sign'!$A$33:$A$44,A12,'Alum pan sign'!$G$33:$G$44)) + (SUMIF('Alum pan sign (2)'!$A$33:$A$44,A12,'Alum pan sign (2)'!$G$33:$G$44)) + (SUMIF('Economy pan sign'!$A$33:$A$44,A12,'Economy pan sign'!$G$33:$G$44)) + (SUMIF('Post and panel sign'!$A$33:$A$44,A12,'Post and panel sign'!$G$33:$G$44)) + (SUMIF('Post and panel sign (2)'!$A$33:$A$44,A12,'Post and panel sign (2)'!$G$33:$G$44)) + (SUMIF('Flat panels only'!$A$33:$A$44,A12,'Flat panels only'!$G$33:$G$44)) + (SUMIF('Flat panels only (2)'!$A$33:$A$44,A12,'Flat panels only (2)'!$G$33:$G$44)) + (SUMIF('Routed panel shapes'!$A$34:$A$45,A12,'Routed panel shapes'!$G$34:$G$45)) + (SUMIF('Routed panel shapes (2)'!$A$34:$A$45,A12,'Routed panel shapes (2)'!$G$34:$G$45)) + (SUMIF('Routed face only'!$A$33:$A$44,A12,'Routed face only'!$G$33:$G$44)) + (SUMIF('Routed face only (2)'!$A$33:$A$44,A12,'Routed face only (2)'!$G$33:$G$44)) + (SUMIF('Routed alum faces letters'!$A$33:$A$44,A12,'Routed alum faces letters'!$G$33:$G$44)) + (SUMIF('Routed alum faces letters (2)'!$A$33:$A$44,A12,'Routed alum faces letters (2)'!$G$33:$G$44)) + (SUMIF('Routed push through acrylic'!$A$33:$A$44,A12,'Routed push through acrylic'!$G$33:$G$44)) + (SUMIF('Routed push through acrylic (2)'!$A$33:$A$44,A12,'Routed push through acrylic (2)'!$G$33:$G$44)) + (SUMIF('Sf routed cabinet'!$A$33:$A$44,A12,'Sf routed cabinet'!$G$33:$G$44)) + (SUMIF('Sf routed cabinet (2)'!$A$33:$A$44,A12,'Sf routed cabinet (2)'!$G$33:$G$44)) + (SUMIF('Df routed cabinet'!$A$33:$A$44,A12,'Df routed cabinet'!$G$33:$G$44)) + (SUMIF('Df routed cabinet (2)'!$A$33:$A$44,A12,'Df routed cabinet (2)'!$G$33:$G$44)) + (SUMIF('Sf acrylic cabinet'!$A$33:$A$44,A12,'Sf acrylic cabinet'!$G$33:$G$44)) + (SUMIF('Sf acrylic cabinet (2)'!$A$33:$A$44,A12,'Sf acrylic cabinet (2)'!$G$33:$G$44)) + (SUMIF('Economy Sf acrylic'!$A$33:$A$44,A12,'Economy Sf acrylic'!$G$33:$G$44)) + (SUMIF('Df acrylic cabinet'!$A$33:$A$44,A12,'Df acrylic cabinet'!$G$33:$G$44)) + (SUMIF('Df acrylic cabinet (2)'!$A$33:$A$44,A12,'Df acrylic cabinet (2)'!$G$33:$G$44)) + (SUMIF('Sf flex cabinet'!$A$33:$A$44,A12,'Sf flex cabinet'!$G$33:$G$44)) + (SUMIF('Sf flex cabinet (2)'!$A$33:$A$44,A12,'Sf flex cabinet (2)'!$G$33:$G$44)) + (SUMIF('Df flex cabinet'!$A$39:$A$50,A12,'Df flex cabinet'!$G$39:$G$50)) + (SUMIF('Df flex cabinet (2)'!$A$39:$A$50,A12,'Df flex cabinet (2)'!$G$39:$G$50)) + (SUMIF('Pole cover'!$A$33:$A$44,A12,'Pole cover'!$G$33:$G$44)) + (SUMIF('Pole cover (2)'!$A$33:$A$44,A12,'Pole cover (2)'!$G$33:$G$44)) + (SUMIF('Structural Steel Fab'!$A$33:$A$44,A12,'Structural Steel Fab'!$G$33:$G$44)) + (SUMIF(Reveal!$A$33:$A$44,A12,Reveal!$G$33:$G$44)) + (SUMIF('Reveal (2)'!$A$33:$A$44,A12,'Reveal (2)'!$G$33:$G$44)) + (SUMIF('Crown cove top'!$A$33:$A$44,A12,'Crown cove top'!$G$33:$G$44)) + (SUMIF('EMC assembly'!$A$33:$A$44,A12,'EMC assembly'!$G$33:$G$44)) + (SUMIF(Crating!$A$33:$A$44,A12,Crating!$G$33:$G$44)) + (SUMIF('LED wiring'!$A$33:$A$44,A12,'LED wiring'!$G$33:$G$44)) + (SUMIF('Changeable copy face'!$A$33:$A$44,A12,'Changeable copy face'!$G$33:$G$44)) + (SUMIF('Flex face assembly'!$A$33:$A$44,A12,'Flex face assembly'!$G$33:$G$44)) + (SUMIF('Routed face assembly'!$A$33:$A$44,A12,'Routed face assembly'!$G$33:$G$44)) + (SUMIF('Paint calculation'!$A$33:$A$44,A12,'Paint calculation'!$G$33:$G$44)) + (SUMIF('Trimcap letter face'!$A$33:$A$44,A12,'Trimcap letter face'!$G$33:$G$44)) + (SUMIF('Trimcap letter face (2)'!$A$33:$A$44,A12,'Trimcap letter face (2)'!$G$33:$G$44)) + (SUMIF('Channel letter fabrication'!$A$33:$A$44,A12,'Channel letter fabrication'!$G$33:$G$44)) + (SUMIF('Channel letter fabrication (2)'!$A$33:$A$44,A12,'Channel letter fabrication (2)'!$G$33:$G$44)) -> 19.25 | E12: =C12*D12 -> 1867.25
A13: 2114 | B13: Paint Vinyl Faces Labor | C13: =$B$3 -> 97 | D13: =(SUMIF('Freeform time and material'!$A$33:$A$44,A13,'Freeform time and material'!$G$33:$G$44)) + (SUMIF('Vinyl cutting'!$A$33:$A$44,A13,'Vinyl cutting'!$G$33:$G$44)) + (SUMIF('Vinyl cutting (2)'!$A$33:$A$44,A13,'Vinyl cutting (2)'!$G$33:$G$44)) + (SUMIF('Apply vinyl graphics'!$A$33:$A$44,A13,'Apply vinyl graphics'!$G$33:$G$44)) + (SUMIF('Apply vinyl graphics (2)'!$A$33:$A$44,A13,'Apply vinyl graphics (2)'!$G$33:$G$44)) + (SUMIF('Alum pan sign'!$A$33:$A$44,A13,'Alum pan sign'!$G$33:$G$44)) + (SUMIF('Alum pan sign (2)'!$A$33:$A$44,A13,'Alum pan sign (2)'!$G$33:$G$44)) + (SUMIF('Economy pan sign'!$A$33:$A$44,A13,'Economy pan sign'!$G$33:$G$44)) + (SUMIF('Post and panel sign'!$A$33:$A$44,A13,'Post and panel sign'!$G$33:$G$44)) + (SUMIF('Post and panel sign (2)'!$A$33:$A$44,A13,'Post and panel sign (2)'!$G$33:$G$44)) + (SUMIF('Flat panels only'!$A$33:$A$44,A13,'Flat panels only'!$G$33:$G$44)) + (SUMIF('Flat panels only (2)'!$A$33:$A$44,A13,'Flat panels only (2)'!$G$33:$G$44)) + (SUMIF('Routed panel shapes'!$A$34:$A$45,A13,'Routed panel shapes'!$G$34:$G$45)) + (SUMIF('Routed panel shapes (2)'!$A$34:$A$45,A13,'Routed panel shapes (2)'!$G$34:$G$45)) + (SUMIF('Routed face only'!$A$33:$A$44,A13,'Routed face only'!$G$33:$G$44)) + (SUMIF('Routed face only (2)'!$A$33:$A$44,A13,'Routed face only (2)'!$G$33:$G$44)) + (SUMIF('Routed alum faces letters'!$A$33:$A$44,A13,'Routed alum faces letters'!$G$33:$G$44)) + (SUMIF('Routed alum faces letters (2)'!$A$33:$A$44,A13,'Routed alum faces letters (2)'!$G$33:$G$44)) + (SUMIF('Routed push through acrylic'!$A$33:$A$44,A13,'Routed push through acrylic'!$G$33:$G$44)) + (SUMIF('Routed push through acrylic (2)'!$A$33:$A$44,A13,'Routed push through acrylic (2)'!$G$33:$G$44)) + (SUMIF('Sf routed cabinet'!$A$33:$A$44,A13,'Sf routed cabinet'!$G$33:$G$44)) + (SUMIF('Sf routed cabinet (2)'!$A$33:$A$44,A13,'Sf routed cabinet (2)'!$G$33:$G$44)) + (SUMIF('Df routed cabinet'!$A$33:$A$44,A13,'Df routed cabinet'!$G$33:$G$44)) + (SUMIF('Df routed cabinet (2)'!$A$33:$A$44,A13,'Df routed cabinet (2)'!$G$33:$G$44)) + (SUMIF('Sf acrylic cabinet'!$A$33:$A$44,A13,'Sf acrylic cabinet'!$G$33:$G$44)) + (SUMIF('Sf acrylic cabinet (2)'!$A$33:$A$44,A13,'Sf acrylic cabinet (2)'!$G$33:$G$44)) + (SUMIF('Economy Sf acrylic'!$A$33:$A$44,A13,'Economy Sf acrylic'!$G$33:$G$44)) + (SUMIF('Df acrylic cabinet'!$A$33:$A$44,A13,'Df acrylic cabinet'!$G$33:$G$44)) + (SUMIF('Df acrylic cabinet (2)'!$A$33:$A$44,A13,'Df acrylic cabinet (2)'!$G$33:$G$44)) + (SUMIF('Sf flex cabinet'!$A$33:$A$44,A13,'Sf flex cabinet'!$G$33:$G$44)) + (SUMIF('Sf flex cabinet (2)'!$A$33:$A$44,A13,'Sf flex cabinet (2)'!$G$33:$G$44)) + (SUMIF('Df flex cabinet'!$A$39:$A$50,A13,'Df flex cabinet'!$G$39:$G$50)) + (SUMIF('Df flex cabinet (2)'!$A$39:$A$50,A13,'Df flex cabinet (2)'!$G$39:$G$50)) + (SUMIF('Pole cover'!$A$33:$A$44,A13,'Pole cover'!$G$33:$G$44)) + (SUMIF('Pole cover (2)'!$A$33:$A$44,A13,'Pole cover (2)'!$G$33:$G$44)) + (SUMIF('Structural Steel Fab'!$A$33:$A$44,A13,'Structural Steel Fab'!$G$33:$G$44)) + (SUMIF(Reveal!$A$33:$A$44,A13,Reveal!$G$33:$G$44)) + (SUMIF('Reveal (2)'!$A$33:$A$44,A13,'Reveal (2)'!$G$33:$G$44)) + (SUMIF('Crown cove top'!$A$33:$A$44,A13,'Crown cove top'!$G$33:$G$44)) + (SUMIF('EMC assembly'!$A$33:$A$44,A13,'EMC assembly'!$G$33:$G$44)) + (SUMIF(Crating!$A$33:$A$44,A13,Crating!$G$33:$G$44)) + (SUMIF('LED wiring'!$A$33:$A$44,A13,'LED wiring'!$G$33:$G$44)) + (SUMIF('Changeable copy face'!$A$33:$A$44,A13,'Changeable copy face'!$G$33:$G$44)) + (SUMIF('Flex face assembly'!$A$33:$A$44,A13,'Flex face assembly'!$G$33:$G$44)) + (SUMIF('Routed face assembly'!$A$33:$A$44,A13,'Routed face assembly'!$G$33:$G$44)) + (SUMIF('Paint calculation'!$A$33:$A$44,A13,'Paint calculation'!$G$33:$G$44)) + (SUMIF('Trimcap letter face'!$A$33:$A$44,A13,'Trimcap letter face'!$G$33:$G$44)) + (SUMIF('Trimcap letter face (2)'!$A$33:$A$44,A13,'Trimcap letter face (2)'!$G$33:$G$44)) + (SUMIF('Channel letter fabrication'!$A$33:$A$44,A13,'Channel letter fabrication'!$G$33:$G$44)) + (SUMIF('Channel letter fabrication (2)'!$A$33:$A$44,A13,'Channel letter fabrication (2)'!$G$33:$G$44)) -> 0 | E13: =C13*D13 -> 0
A14: 2116 | B14: Hand Painting Labor | C14: =$B$3 -> 97 | D14: =(SUMIF('Freeform time and material'!$A$33:$A$44,A14,'Freeform time and material'!$G$33:$G$44)) + (SUMIF('Vinyl cutting'!$A$33:$A$44,A14,'Vinyl cutting'!$G$33:$G$44)) + (SUMIF('Vinyl cutting (2)'!$A$33:$A$44,A14,'Vinyl cutting (2)'!$G$33:$G$44)) + (SUMIF('Apply vinyl graphics'!$A$33:$A$44,A14,'Apply vinyl graphics'!$G$33:$G$44)) + (SUMIF('Apply vinyl graphics (2)'!$A$33:$A$44,A14,'Apply vinyl graphics (2)'!$G$33:$G$44)) + (SUMIF('Alum pan sign'!$A$33:$A$44,A14,'Alum pan sign'!$G$33:$G$44)) + (SUMIF('Alum pan sign (2)'!$A$33:$A$44,A14,'Alum pan sign (2)'!$G$33:$G$44)) + (SUMIF('Economy pan sign'!$A$33:$A$44,A14,'Economy pan sign'!$G$33:$G$44)) + (SUMIF('Post and panel sign'!$A$33:$A$44,A14,'Post and panel sign'!$G$33:$G$44)) + (SUMIF('Post and panel sign (2)'!$A$33:$A$44,A14,'Post and panel sign (2)'!$G$33:$G$44)) + (SUMIF('Flat panels only'!$A$33:$A$44,A14,'Flat panels only'!$G$33:$G$44)) + (SUMIF('Flat panels only (2)'!$A$33:$A$44,A14,'Flat panels only (2)'!$G$33:$G$44)) + (SUMIF('Routed panel shapes'!$A$34:$A$45,A14,'Routed panel shapes'!$G$34:$G$45)) + (SUMIF('Routed panel shapes (2)'!$A$34:$A$45,A14,'Routed panel shapes (2)'!$G$34:$G$45)) + (SUMIF('Routed face only'!$A$33:$A$44,A14,'Routed face only'!$G$33:$G$44)) + (SUMIF('Routed face only (2)'!$A$33:$A$44,A14,'Routed face only (2)'!$G$33:$G$44)) + (SUMIF('Routed alum faces letters'!$A$33:$A$44,A14,'Routed alum faces letters'!$G$33:$G$44)) + (SUMIF('Routed alum faces letters (2)'!$A$33:$A$44,A14,'Routed alum faces letters (2)'!$G$33:$G$44)) + (SUMIF('Routed push through acrylic'!$A$33:$A$44,A14,'Routed push through acrylic'!$G$33:$G$44)) + (SUMIF('Routed push through acrylic (2)'!$A$33:$A$44,A14,'Routed push through acrylic (2)'!$G$33:$G$44)) + (SUMIF('Sf routed cabinet'!$A$33:$A$44,A14,'Sf routed cabinet'!$G$33:$G$44)) + (SUMIF('Sf routed cabinet (2)'!$A$33:$A$44,A14,'Sf routed cabinet (2)'!$G$33:$G$44)) + (SUMIF('Df routed cabinet'!$A$33:$A$44,A14,'Df routed cabinet'!$G$33:$G$44)) + (SUMIF('Df routed cabinet (2)'!$A$33:$A$44,A14,'Df routed cabinet (2)'!$G$33:$G$44)) + (SUMIF('Sf acrylic cabinet'!$A$33:$A$44,A14,'Sf acrylic cabinet'!$G$33:$G$44)) + (SUMIF('Sf acrylic cabinet (2)'!$A$33:$A$44,A14,'Sf acrylic cabinet (2)'!$G$33:$G$44)) + (SUMIF('Economy Sf acrylic'!$A$33:$A$44,A14,'Economy Sf acrylic'!$G$33:$G$44)) + (SUMIF('Df acrylic cabinet'!$A$33:$A$44,A14,'Df acrylic cabinet'!$G$33:$G$44)) + (SUMIF('Df acrylic cabinet (2)'!$A$33:$A$44,A14,'Df acrylic cabinet (2)'!$G$33:$G$44)) + (SUMIF('Sf flex cabinet'!$A$33:$A$44,A14,'Sf flex cabinet'!$G$33:$G$44)) + (SUMIF('Sf flex cabinet (2)'!$A$33:$A$44,A14,'Sf flex cabinet (2)'!$G$33:$G$44)) + (SUMIF('Df flex cabinet'!$A$39:$A$50,A14,'Df flex cabinet'!$G$39:$G$50)) + (SUMIF('Df flex cabinet (2)'!$A$39:$A$50,A14,'Df flex cabinet (2)'!$G$39:$G$50)) + (SUMIF('Pole cover'!$A$33:$A$44,A14,'Pole cover'!$G$33:$G$44)) + (SUMIF('Pole cover (2)'!$A$33:$A$44,A14,'Pole cover (2)'!$G$33:$G$44)) + (SUMIF('Structural Steel Fab'!$A$33:$A$44,A14,'Structural Steel Fab'!$G$33:$G$44)) + (SUMIF(Reveal!$A$33:$A$44,A14,Reveal!$G$33:$G$44)) + (SUMIF('Reveal (2)'!$A$33:$A$44,A14,'Reveal (2)'!$G$33:$G$44)) + (SUMIF('Crown cove top'!$A$33:$A$44,A14,'Crown cove top'!$G$33:$G$44)) + (SUMIF('EMC assembly'!$A$33:$A$44,A14,'EMC assembly'!$G$33:$G$44)) + (SUMIF(Crating!$A$33:$A$44,A14,Crating!$G$33:$G$44)) + (SUMIF('LED wiring'!$A$33:$A$44,A14,'LED wiring'!$G$33:$G$44)) + (SUMIF('Changeable copy face'!$A$33:$A$44,A14,'Changeable copy face'!$G$33:$G$44)) + (SUMIF('Flex face assembly'!$A$33:$A$44,A14,'Flex face assembly'!$G$33:$G$44)) + (SUMIF('Routed face assembly'!$A$33:$A$44,A14,'Routed face assembly'!$G$33:$G$44)) + (SUMIF('Paint calculation'!$A$33:$A$44,A14,'Paint calculation'!$G$33:$G$44)) + (SUMIF('Trimcap letter face'!$A$33:$A$44,A14,'Trimcap letter face'!$G$33:$G$44)) + (SUMIF('Trimcap letter face (2)'!$A$33:$A$44,A14,'Trimcap letter face (2)'!$G$33:$G$44)) + (SUMIF('Channel letter fabrication'!$A$33:$A$44,A14,'Channel letter fabrication'!$G$33:$G$44)) + (SUMIF('Channel letter fabrication (2)'!$A$33:$A$44,A14,'Channel letter fabrication (2)'!$G$33:$G$44)) -> 2.5 | E14: =C14*D14 -> 242.5
A15: 2199 | B15: Rework Paint Labor | C15: =$B$3 -> 97 | D15: =(SUMIF('Freeform time and material'!$A$33:$A$44,A15,'Freeform time and material'!$G$33:$G$44)) + (SUMIF('Vinyl cutting'!$A$33:$A$44,A15,'Vinyl cutting'!$G$33:$G$44)) + (SUMIF('Vinyl cutting (2)'!$A$33:$A$44,A15,'Vinyl cutting (2)'!$G$33:$G$44)) + (SUMIF('Apply vinyl graphics'!$A$33:$A$44,A15,'Apply vinyl graphics'!$G$33:$G$44)) + (SUMIF('Apply vinyl graphics (2)'!$A$33:$A$44,A15,'Apply vinyl graphics (2)'!$G$33:$G$44)) + (SUMIF('Alum pan sign'!$A$33:$A$44,A15,'Alum pan sign'!$G$33:$G$44)) + (SUMIF('Alum pan sign (2)'!$A$33:$A$44,A15,'Alum pan sign (2)'!$G$33:$G$44)) + (SUMIF('Economy pan sign'!$A$33:$A$44,A15,'Economy pan sign'!$G$33:$G$44)) + (SUMIF('Post and panel sign'!$A$33:$A$44,A15,'Post and panel sign'!$G$33:$G$44)) + (SUMIF('Post and panel sign (2)'!$A$33:$A$44,A15,'Post and panel sign (2)'!$G$33:$G$44)) + (SUMIF('Flat panels only'!$A$33:$A$44,A15,'Flat panels only'!$G$33:$G$44)) + (SUMIF('Flat panels only (2)'!$A$33:$A$44,A15,'Flat panels only (2)'!$G$33:$G$44)) + (SUMIF('Routed panel shapes'!$A$34:$A$45,A15,'Routed panel shapes'!$G$34:$G$45)) + (SUMIF('Routed panel shapes (2)'!$A$34:$A$45,A15,'Routed panel shapes (2)'!$G$34:$G$45)) + (SUMIF('Routed face only'!$A$33:$A$44,A15,'Routed face only'!$G$33:$G$44)) + (SUMIF('Routed face only (2)'!$A$33:$A$44,A15,'Routed face only (2)'!$G$33:$G$44)) + (SUMIF('Routed alum faces letters'!$A$33:$A$44,A15,'Routed alum faces letters'!$G$33:$G$44)) + (SUMIF('Routed alum faces letters (2)'!$A$33:$A$44,A15,'Routed alum faces letters (2)'!$G$33:$G$44)) + (SUMIF('Routed push through acrylic'!$A$33:$A$44,A15,'Routed push through acrylic'!$G$33:$G$44)) + (SUMIF('Routed push through acrylic (2)'!$A$33:$A$44,A15,'Routed push through acrylic (2)'!$G$33:$G$44)) + (SUMIF('Sf routed cabinet'!$A$33:$A$44,A15,'Sf routed cabinet'!$G$33:$G$44)) + (SUMIF('Sf routed cabinet (2)'!$A$33:$A$44,A15,'Sf routed cabinet (2)'!$G$33:$G$44)) + (SUMIF('Df routed cabinet'!$A$33:$A$44,A15,'Df routed cabinet'!$G$33:$G$44)) + (SUMIF('Df routed cabinet (2)'!$A$33:$A$44,A15,'Df routed cabinet (2)'!$G$33:$G$44)) + (SUMIF('Sf acrylic cabinet'!$A$33:$A$44,A15,'Sf acrylic cabinet'!$G$33:$G$44)) + (SUMIF('Sf acrylic cabinet (2)'!$A$33:$A$44,A15,'Sf acrylic cabinet (2)'!$G$33:$G$44)) + (SUMIF('Economy Sf acrylic'!$A$33:$A$44,A15,'Economy Sf acrylic'!$G$33:$G$44)) + (SUMIF('Df acrylic cabinet'!$A$33:$A$44,A15,'Df acrylic cabinet'!$G$33:$G$44)) + (SUMIF('Df acrylic cabinet (2)'!$A$33:$A$44,A15,'Df acrylic cabinet (2)'!$G$33:$G$44)) + (SUMIF('Sf flex cabinet'!$A$33:$A$44,A15,'Sf flex cabinet'!$G$33:$G$44)) + (SUMIF('Sf flex cabinet (2)'!$A$33:$A$44,A15,'Sf flex cabinet (2)'!$G$33:$G$44)) + (SUMIF('Df flex cabinet'!$A$39:$A$50,A15,'Df flex cabinet'!$G$39:$G$50)) + (SUMIF('Df flex cabinet (2)'!$A$39:$A$50,A15,'Df flex cabinet (2)'!$G$39:$G$50)) + (SUMIF('Pole cover'!$A$33:$A$44,A15,'Pole cover'!$G$33:$G$44)) + (SUMIF('Pole cover (2)'!$A$33:$A$44,A15,'Pole cover (2)'!$G$33:$G$44)) + (SUMIF('Structural Steel Fab'!$A$33:$A$44,A15,'Structural Steel Fab'!$G$33:$G$44)) + (SUMIF(Reveal!$A$33:$A$44,A15,Reveal!$G$33:$G$44)) + (SUMIF('Reveal (2)'!$A$33:$A$44,A15,'Reveal (2)'!$G$33:$G$44)) + (SUMIF('Crown cove top'!$A$33:$A$44,A15,'Crown cove top'!$G$33:$G$44)) + (SUMIF('EMC assembly'!$A$33:$A$44,A15,'EMC assembly'!$G$33:$G$44)) + (SUMIF(Crating!$A$33:$A$44,A15,Crating!$G$33:$G$44)) + (SUMIF('LED wiring'!$A$33:$A$44,A15,'LED wiring'!$G$33:$G$44)) + (SUMIF('Changeable copy face'!$A$33:$A$44,A15,'Changeable copy face'!$G$33:$G$44)) + (SUMIF('Flex face assembly'!$A$33:$A$44,A15,'Flex face assembly'!$G$33:$G$44)) + (SUMIF('Routed face assembly'!$A$33:$A$44,A15,'Routed face assembly'!$G$33:$G$44)) + (SUMIF('Paint calculation'!$A$33:$A$44,A15,'Paint calculation'!$G$33:$G$44)) + (SUMIF('Trimcap letter face'!$A$33:$A$44,A15,'Trimcap letter face'!$G$33:$G$44)) + (SUMIF('Trimcap letter face (2)'!$A$33:$A$44,A15,'Trimcap letter face (2)'!$G$33:$G$44)) + (SUMIF('Channel letter fabrication'!$A$33:$A$44,A15,'Channel letter fabrication'!$G$33:$G$44)) + (SUMIF('Channel letter fabrication (2)'!$A$33:$A$44,A15,'Channel letter fabrication (2)'!$G$33:$G$44)) -> 0 | E15: =C15*D15 -> 0
A16: 2212 | B16: LED Wiring Labor | C16: =$B$3 -> 97 | D16: =(SUMIF('Freeform time and material'!$A$33:$A$44,A16,'Freeform time and material'!$G$33:$G$44)) + (SUMIF('Vinyl cutting'!$A$33:$A$44,A16,'Vinyl cutting'!$G$33:$G$44)) + (SUMIF('Vinyl cutting (2)'!$A$33:$A$44,A16,'Vinyl cutting (2)'!$G$33:$G$44)) + (SUMIF('Apply vinyl graphics'!$A$33:$A$44,A16,'Apply vinyl graphics'!$G$33:$G$44)) + (SUMIF('Apply vinyl graphics (2)'!$A$33:$A$44,A16,'Apply vinyl graphics (2)'!$G$33:$G$44)) + (SUMIF('Alum pan sign'!$A$33:$A$44,A16,'Alum pan sign'!$G$33:$G$44)) + (SUMIF('Alum pan sign (2)'!$A$33:$A$44,A16,'Alum pan sign (2)'!$G$33:$G$44)) + (SUMIF('Economy pan sign'!$A$33:$A$44,A16,'Economy pan sign'!$G$33:$G$44)) + (SUMIF('Post and panel sign'!$A$33:$A$44,A16,'Post and panel sign'!$G$33:$G$44)) + (SUMIF('Post and panel sign (2)'!$A$33:$A$44,A16,'Post and panel sign (2)'!$G$33:$G$44)) + (SUMIF('Flat panels only'!$A$33:$A$44,A16,'Flat panels only'!$G$33:$G$44)) + (SUMIF('Flat panels only (2)'!$A$33:$A$44,A16,'Flat panels only (2)'!$G$33:$G$44)) + (SUMIF('Routed panel shapes'!$A$34:$A$45,A16,'Routed panel shapes'!$G$34:$G$45)) + (SUMIF('Routed panel shapes (2)'!$A$34:$A$45,A16,'Routed panel shapes (2)'!$G$34:$G$45)) + (SUMIF('Routed face only'!$A$33:$A$44,A16,'Routed face only'!$G$33:$G$44)) + (SUMIF('Routed face only (2)'!$A$33:$A$44,A16,'Routed face only (2)'!$G$33:$G$44)) + (SUMIF('Routed alum faces letters'!$A$33:$A$44,A16,'Routed alum faces letters'!$G$33:$G$44)) + (SUMIF('Routed alum faces letters (2)'!$A$33:$A$44,A16,'Routed alum faces letters (2)'!$G$33:$G$44)) + (SUMIF('Routed push through acrylic'!$A$33:$A$44,A16,'Routed push through acrylic'!$G$33:$G$44)) + (SUMIF('Routed push through acrylic (2)'!$A$33:$A$44,A16,'Routed push through acrylic (2)'!$G$33:$G$44)) + (SUMIF('Sf routed cabinet'!$A$33:$A$44,A16,'Sf routed cabinet'!$G$33:$G$44)) + (SUMIF('Sf routed cabinet (2)'!$A$33:$A$44,A16,'Sf routed cabinet (2)'!$G$33:$G$44)) + (SUMIF('Df routed cabinet'!$A$33:$A$44,A16,'Df routed cabinet'!$G$33:$G$44)) + (SUMIF('Df routed cabinet (2)'!$A$33:$A$44,A16,'Df routed cabinet (2)'!$G$33:$G$44)) + (SUMIF('Sf acrylic cabinet'!$A$33:$A$44,A16,'Sf acrylic cabinet'!$G$33:$G$44)) + (SUMIF('Sf acrylic cabinet (2)'!$A$33:$A$44,A16,'Sf acrylic cabinet (2)'!$G$33:$G$44)) + (SUMIF('Economy Sf acrylic'!$A$33:$A$44,A16,'Economy Sf acrylic'!$G$33:$G$44)) + (SUMIF('Df acrylic cabinet'!$A$33:$A$44,A16,'Df acrylic cabinet'!$G$33:$G$44)) + (SUMIF('Df acrylic cabinet (2)'!$A$33:$A$44,A16,'Df acrylic cabinet (2)'!$G$33:$G$44)) + (SUMIF('Sf flex cabinet'!$A$33:$A$44,A16,'Sf flex cabinet'!$G$33:$G$44)) + (SUMIF('Sf flex cabinet (2)'!$A$33:$A$44,A16,'Sf flex cabinet (2)'!$G$33:$G$44)) + (SUMIF('Df flex cabinet'!$A$39:$A$50,A16,'Df flex cabinet'!$G$39:$G$50)) + (SUMIF('Df flex cabinet (2)'!$A$39:$A$50,A16,'Df flex cabinet (2)'!$G$39:$G$50)) + (SUMIF('Pole cover'!$A$33:$A$44,A16,'Pole cover'!$G$33:$G$44)) + (SUMIF('Pole cover (2)'!$A$33:$A$44,A16,'Pole cover (2)'!$G$33:$G$44)) + (SUMIF('Structural Steel Fab'!$A$33:$A$44,A16,'Structural Steel Fab'!$G$33:$G$44)) + (SUMIF(Reveal!$A$33:$A$44,A16,Reveal!$G$33:$G$44)) + (SUMIF('Reveal (2)'!$A$33:$A$44,A16,'Reveal (2)'!$G$33:$G$44)) + (SUMIF('Crown cove top'!$A$33:$A$44,A16,'Crown cove top'!$G$33:$G$44)) + (SUMIF('EMC assembly'!$A$33:$A$44,A16,'EMC assembly'!$G$33:$G$44)) + (SUMIF(Crating!$A$33:$A$44,A16,Crating!$G$33:$G$44)) + (SUMIF('LED wiring'!$A$33:$A$44,A16,'LED wiring'!$G$33:$G$44)) + (SUMIF('Changeable copy face'!$A$33:$A$44,A16,'Changeable copy face'!$G$33:$G$44)) + (SUMIF('Flex face assembly'!$A$33:$A$44,A16,'Flex face assembly'!$G$33:$G$44)) + (SUMIF('Routed face assembly'!$A$33:$A$44,A16,'Routed face assembly'!$G$33:$G$44)) + (SUMIF('Paint calculation'!$A$33:$A$44,A16,'Paint calculation'!$G$33:$G$44)) + (SUMIF('Trimcap letter face'!$A$33:$A$44,A16,'Trimcap letter face'!$G$33:$G$44)) + (SUMIF('Trimcap letter face (2)'!$A$33:$A$44,A16,'Trimcap letter face (2)'!$G$33:$G$44)) + (SUMIF('Channel letter fabrication'!$A$33:$A$44,A16,'Channel letter fabrication'!$G$33:$G$44)) + (SUMIF('Channel letter fabrication (2)'!$A$33:$A$44,A16,'Channel letter fabrication (2)'!$G$33:$G$44)) -> 7.25 | E16: =C16*D16 -> 703.25
A17: 2215 | B17: Assembly Labor | C17: =$B$3 -> 97 | D17: =(SUMIF('Freeform time and material'!$A$33:$A$44,A17,'Freeform time and material'!$G$33:$G$44)) + (SUMIF('Vinyl cutting'!$A$33:$A$44,A17,'Vinyl cutting'!$G$33:$G$44)) + (SUMIF('Vinyl cutting (2)'!$A$33:$A$44,A17,'Vinyl cutting (2)'!$G$33:$G$44)) + (SUMIF('Apply vinyl graphics'!$A$33:$A$44,A17,'Apply vinyl graphics'!$G$33:$G$44)) + (SUMIF('Apply vinyl graphics (2)'!$A$33:$A$44,A17,'Apply vinyl graphics (2)'!$G$33:$G$44)) + (SUMIF('Alum pan sign'!$A$33:$A$44,A17,'Alum pan sign'!$G$33:$G$44)) + (SUMIF('Alum pan sign (2)'!$A$33:$A$44,A17,'Alum pan sign (2)'!$G$33:$G$44)) + (SUMIF('Economy pan sign'!$A$33:$A$44,A17,'Economy pan sign'!$G$33:$G$44)) + (SUMIF('Post and panel sign'!$A$33:$A$44,A17,'Post and panel sign'!$G$33:$G$44)) + (SUMIF('Post and panel sign (2)'!$A$33:$A$44,A17,'Post and panel sign (2)'!$G$33:$G$44)) + (SUMIF('Flat panels only'!$A$33:$A$44,A17,'Flat panels only'!$G$33:$G$44)) + (SUMIF('Flat panels only (2)'!$A$33:$A$44,A17,'Flat panels only (2)'!$G$33:$G$44)) + (SUMIF('Routed panel shapes'!$A$34:$A$45,A17,'Routed panel shapes'!$G$34:$G$45)) + (SUMIF('Routed panel shapes (2)'!$A$34:$A$45,A17,'Routed panel shapes (2)'!$G$34:$G$45)) + (SUMIF('Routed face only'!$A$33:$A$44,A17,'Routed face only'!$G$33:$G$44)) + (SUMIF('Routed face only (2)'!$A$33:$A$44,A17,'Routed face only (2)'!$G$33:$G$44)) + (SUMIF('Routed alum faces letters'!$A$33:$A$44,A17,'Routed alum faces letters'!$G$33:$G$44)) + (SUMIF('Routed alum faces letters (2)'!$A$33:$A$44,A17,'Routed alum faces letters (2)'!$G$33:$G$44)) + (SUMIF('Routed push through acrylic'!$A$33:$A$44,A17,'Routed push through acrylic'!$G$33:$G$44)) + (SUMIF('Routed push through acrylic (2)'!$A$33:$A$44,A17,'Routed push through acrylic (2)'!$G$33:$G$44)) + (SUMIF('Sf routed cabinet'!$A$33:$A$44,A17,'Sf routed cabinet'!$G$33:$G$44)) + (SUMIF('Sf routed cabinet (2)'!$A$33:$A$44,A17,'Sf routed cabinet (2)'!$G$33:$G$44)) + (SUMIF('Df routed cabinet'!$A$33:$A$44,A17,'Df routed cabinet'!$G$33:$G$44)) + (SUMIF('Df routed cabinet (2)'!$A$33:$A$44,A17,'Df routed cabinet (2)'!$G$33:$G$44)) + (SUMIF('Sf acrylic cabinet'!$A$33:$A$44,A17,'Sf acrylic cabinet'!$G$33:$G$44)) + (SUMIF('Sf acrylic cabinet (2)'!$A$33:$A$44,A17,'Sf acrylic cabinet (2)'!$G$33:$G$44)) + (SUMIF('Economy Sf acrylic'!$A$33:$A$44,A17,'Economy Sf acrylic'!$G$33:$G$44)) + (SUMIF('Df acrylic cabinet'!$A$33:$A$44,A17,'Df acrylic cabinet'!$G$33:$G$44)) + (SUMIF('Df acrylic cabinet (2)'!$A$33:$A$44,A17,'Df acrylic cabinet (2)'!$G$33:$G$44)) + (SUMIF('Sf flex cabinet'!$A$33:$A$44,A17,'Sf flex cabinet'!$G$33:$G$44)) + (SUMIF('Sf flex cabinet (2)'!$A$33:$A$44,A17,'Sf flex cabinet (2)'!$G$33:$G$44)) + (SUMIF('Df flex cabinet'!$A$39:$A$50,A17,'Df flex cabinet'!$G$39:$G$50)) + (SUMIF('Df flex cabinet (2)'!$A$39:$A$50,A17,'Df flex cabinet (2)'!$G$39:$G$50)) + (SUMIF('Pole cover'!$A$33:$A$44,A17,'Pole cover'!$G$33:$G$44)) + (SUMIF('Pole cover (2)'!$A$33:$A$44,A17,'Pole cover (2)'!$G$33:$G$44)) + (SUMIF('Structural Steel Fab'!$A$33:$A$44,A17,'Structural Steel Fab'!$G$33:$G$44)) + (SUMIF(Reveal!$A$33:$A$44,A17,Reveal!$G$33:$G$44)) + (SUMIF('Reveal (2)'!$A$33:$A$44,A17,'Reveal (2)'!$G$33:$G$44)) + (SUMIF('Crown cove top'!$A$33:$A$44,A17,'Crown cove top'!$G$33:$G$44)) + (SUMIF('EMC assembly'!$A$33:$A$44,A17,'EMC assembly'!$G$33:$G$44)) + (SUMIF(Crating!$A$33:$A$44,A17,Crating!$G$33:$G$44)) + (SUMIF('LED wiring'!$A$33:$A$44,A17,'LED wiring'!$G$33:$G$44)) + (SUMIF('Changeable copy face'!$A$33:$A$44,A17,'Changeable copy face'!$G$33:$G$44)) + (SUMIF('Flex face assembly'!$A$33:$A$44,A17,'Flex face assembly'!$G$33:$G$44)) + (SUMIF('Routed face assembly'!$A$33:$A$44,A17,'Routed face assembly'!$G$33:$G$44)) + (SUMIF('Paint calculation'!$A$33:$A$44,A17,'Paint calculation'!$G$33:$G$44)) + (SUMIF('Trimcap letter face'!$A$33:$A$44,A17,'Trimcap letter face'!$G$33:$G$44)) + (SUMIF('Trimcap letter face (2)'!$A$33:$A$44,A17,'Trimcap letter face (2)'!$G$33:$G$44)) + (SUMIF('Channel letter fabrication'!$A$33:$A$44,A17,'Channel letter fabrication'!$G$33:$G$44)) + (SUMIF('Channel letter fabrication (2)'!$A$33:$A$44,A17,'Channel letter fabrication (2)'!$G$33:$G$44)) -> 18.75 | E17: =C17*D17 -> 1818.75
... A30: 2499 | B30: Rework Graphics Labor | C30: =$B$3 -> 97 | D30: =(SUMIF('Freeform time and material'!$A$33:$A$44,A30,'Freeform time and material'!$G$33:$G$44)) + (SUMIF('Vinyl cutting'!$A$33:$A$44,A30,'Vinyl cutting'!$G$33:$G$44)) + (SUMIF('Vinyl cutting (2)'!$A$33:$A$44,A30,'Vinyl cutting (2)'!$G$33:$G$44)) + (SUMIF('Apply vinyl graphics'!$A$33:$A$44,A30,'Apply vinyl graphics'!$G$33:$G$44)) + (SUMIF('Apply vinyl graphics (2)'!$A$33:$A$44,A30,'Apply vinyl graphics (2)'!$G$33:$G$44)) + (SUMIF('Alum pan sign'!$A$33:$A$44,A30,'Alum pan sign'!$G$33:$G$44)) + (SUMIF('Alum pan sign (2)'!$A$33:$A$44,A30,'Alum pan sign (2)'!$G$33:$G$44)) + (SUMIF('Economy pan sign'!$A$33:$A$44,A30,'Economy pan sign'!$G$33:$G$44)) + (SUMIF('Post and panel sign'!$A$33:$A$44,A30,'Post and panel sign'!$G$33:$G$44)) + (SUMIF('Post and panel sign (2)'!$A$33:$A$44,A30,'Post and panel sign (2)'!$G$33:$G$44)) + (SUMIF('Flat panels only'!$A$33:$A$44,A30,'Flat panels only'!$G$33:$G$44)) + (SUMIF('Flat panels only (2)'!$A$33:$A$44,A30,'Flat panels only (2)'!$G$33:$G$44)) + (SUMIF('Routed panel shapes'!$A$34:$A$45,A30,'Routed panel shapes'!$G$34:$G$45)) + (SUMIF('Routed panel shapes (2)'!$A$34:$A$45,A30,'Routed panel shapes (2)'!$G$34:$G$45)) + (SUMIF('Routed face only'!$A$33:$A$44,A30,'Routed face only'!$G$33:$G$44)) + (SUMIF('Routed face only (2)'!$A$33:$A$44,A30,'Routed face only (2)'!$G$33:$G$44)) + (SUMIF('Routed alum faces letters'!$A$33:$A$44,A30,'Routed alum faces letters'!$G$33:$G$44)) + (SUMIF('Routed alum faces letters (2)'!$A$33:$A$44,A30,'Routed alum faces letters (2)'!$G$33:$G$44)) + (SUMIF('Routed push through acrylic'!$A$33:$A$44,A30,'Routed push through acrylic'!$G$33:$G$44)) + (SUMIF('Routed push through acrylic (2)'!$A$33:$A$44,A30,'Routed push through acrylic (2)'!$G$33:$G$44)) + (SUMIF('Sf routed cabinet'!$A$33:$A$44,A30,'Sf routed cabinet'!$G$33:$G$44)) + (SUMIF('Sf routed cabinet (2)'!$A$33:$A$44,A30,'Sf routed cabinet (2)'!$G$33:$G$44)) + (SUMIF('Df routed cabinet'!$A$33:$A$44,A30,'Df routed cabinet'!$G$33:$G$44)) + (SUMIF('Df routed cabinet (2)'!$A$33:$A$44,A30,'Df routed cabinet (2)'!$G$33:$G$44)) + (SUMIF('Sf acrylic cabinet'!$A$33:$A$44,A30,'Sf acrylic cabinet'!$G$33:$G$44)) + (SUMIF('Sf acrylic cabinet (2)'!$A$33:$A$44,A30,'Sf acrylic cabinet (2)'!$G$33:$G$44)) + (SUMIF('Economy Sf acrylic'!$A$33:$A$44,A30,'Economy Sf acrylic'!$G$33:$G$44)) + (SUMIF('Df acrylic cabinet'!$A$33:$A$44,A30,'Df acrylic cabinet'!$G$33:$G$44)) + (SUMIF('Df acrylic cabinet (2)'!$A$33:$A$44,A30,'Df acrylic cabinet (2)'!$G$33:$G$44)) + (SUMIF('Sf flex cabinet'!$A$33:$A$44,A30,'Sf flex cabinet'!$G$33:$G$44)) + (SUMIF('Sf flex cabinet (2)'!$A$33:$A$44,A30,'Sf flex cabinet (2)'!$G$33:$G$44)) + (SUMIF('Df flex cabinet'!$A$39:$A$50,A30,'Df flex cabinet'!$G$39:$G$50)) + (SUMIF('Df flex cabinet (2)'!$A$39:$A$50,A30,'Df flex cabinet (2)'!$G$39:$G$50)) + (SUMIF('Pole cover'!$A$33:$A$44,A30,'Pole cover'!$G$33:$G$44)) + (SUMIF('Pole cover (2)'!$A$33:$A$44,A30,'Pole cover (2)'!$G$33:$G$44)) + (SUMIF('Structural Steel Fab'!$A$33:$A$44,A30,'Structural Steel Fab'!$G$33:$G$44)) + (SUMIF(Reveal!$A$33:$A$44,A30,Reveal!$G$33:$G$44)) + (SUMIF('Reveal (2)'!$A$33:$A$44,A30,'Reveal (2)'!$G$33:$G$44)) + (SUMIF('Crown cove top'!$A$33:$A$44,A30,'Crown cove top'!$G$33:$G$44)) + (SUMIF('EMC assembly'!$A$33:$A$44,A30,'EMC assembly'!$G$33:$G$44)) + (SUMIF(Crating!$A$33:$A$44,A30,Crating!$G$33:$G$44)) + (SUMIF('LED wiring'!$A$33:$A$44,A30,'LED wiring'!$G$33:$G$44)) + (SUMIF('Changeable copy face'!$A$33:$A$44,A30,'Changeable copy face'!$G$33:$G$44)) + (SUMIF('Flex face assembly'!$A$33:$A$44,A30,'Flex face assembly'!$G$33:$G$44)) + (SUMIF('Routed face assembly'!$A$33:$A$44,A30,'Routed face assembly'!$G$33:$G$44)) + (SUMIF('Paint calculation'!$A$33:$A$44,A30,'Paint calculation'!$G$33:$G$44)) + (SUMIF('Trimcap letter face'!$A$33:$A$44,A30,'Trimcap letter face'!$G$33:$G$44)) + (SUMIF('Trimcap letter face (2)'!$A$33:$A$44,A30,'Trimcap letter face (2)'!$G$33:$G$44)) + (SUMIF('Channel letter fabrication'!$A$33:$A$44,A30,'Channel letter fabrication'!$G$33:$G$44)) + (SUMIF('Channel letter fabrication (2)'!$A$33:$A$44,A30,'Channel letter fabrication (2)'!$G$33:$G$44)) -> 0 | E30: =C30*D30 -> 0
D31: =SUM(D6:D30) -> 179.3125 | E31: =SUM(E6:E30) -> 17393.312

Sheet Inv
A1: Description | B1: No. | C1: Unit Cost | D1: Unit Price | E1: Base Unit of Measure | F1: Profit % | G1: Piece Length (Ft) | H1: Last Date of Purchase | I1: Job Number | J1: Total Estimated Units
A3: =[1]ODBC!$A3 -> SHOP SUPPLIES | B3: =[1]ODBC!B3 -> 0 | C3: =IFERROR(VLOOKUP($B3,[1]ODBC!$B:$H,2,FALSE),"") -> 1 | D3: =IFERROR(VLOOKUP($B3,[1]ODBC!$B:$H,3,FALSE),"") -> 1 | E3: =IFERROR(VLOOKUP($B3,[1]ODBC!$B:$H,4,FALSE),"") -> EA | F3: =IFERROR(VLOOKUP($B3,[1]ODBC!$B:$H,5,FALSE),"") -> 0 | G3: =[1]ODBC!G3 -> 0 | H3: =SUM([1]ODBC!H3) -> 45964 | I3: ='Vinyl cutting'!$B$2 -> J36938 | J3: =(SUMIF('Freeform time and material'!$B$17:$B$30,B3,'Freeform time and material'!$G$17:$G$30)) + (SUMIF('Vinyl cutting'!$B$17:$B$30,B3,'Vinyl cutting'!$G$17:$G$30)) + (SUMIF('Vinyl cutting (2)'!$B$17:$B$30,B3,'Vinyl cutting (2)'!$G$17:$G$30)) + (SUMIF('Apply vinyl graphics'!$B$17:$B$30,B3,'Apply vinyl graphics'!$G$17:$G$30)) + (SUMIF('Apply vinyl graphics (2)'!$B$17:$B$30,B3,'Apply vinyl graphics (2)'!$G$17:$G$30)) + (SUMIF('Alum pan sign'!$B$17:$B$30,B3,'Alum pan sign'!$G$17:$G$30)) + (SUMIF('Alum pan sign (2)'!$B$17:$B$30,B3,'Alum pan sign (2)'!$G$17:$G$30)) + (SUMIF('Economy pan sign'!$B$17:$B$30,B3,'Economy pan sign'!$G$17:$G$30)) + (SUMIF('Post and panel sign'!$B$17:$B$30,B3,'Post and panel sign'!$G$17:$G$30)) + (SUMIF('Post and panel sign (2)'!$B$17:$B$30,B3,'Post and panel sign (2)'!$G$17:$G$30)) + (SUMIF('Flat panels only'!$B$17:$B$30,B3,'Flat panels only'!$G$17:$G$30)) + (SUMIF('Flat panels only (2)'!$B$17:$B$30,B3,'Flat panels only (2)'!$G$17:$G$30)) + (SUMIF('Routed panel shapes'!$B$18:$B$31,B3,'Routed panel shapes'!$G$18:$G$31)) + (SUMIF('Routed panel shapes (2)'!$B$18:$B$31,B3,'Routed panel shapes (2)'!$G$18:$G$31)) + (SUMIF('Routed face only'!$B$17:$B$30,B3,'Routed face only'!$G$17:$G$30)) + (SUMIF('Routed face only (2)'!$B$17:$B$30,B3,'Routed face only (2)'!$G$17:$G$30)) + (SUMIF('Routed alum faces letters'!$B$17:$B$30,B3,'Routed alum faces letters'!$G$17:$G$30)) + (SUMIF('Routed alum faces letters (2)'!$B$17:$B$30,B3,'Routed alum faces letters (2)'!$G$17:$G$30)) + (SUMIF('Routed push through acrylic'!$B$17:$B$30,B3,'Routed push through acrylic'!$G$17:$G$30)) + (SUMIF('Routed push through acrylic (2)'!$B$17:$B$30,B3,'Routed push through acrylic (2)'!$G$17:$G$30)) + (SUMIF('Sf routed cabinet'!$B$17:$B$30,B3,'Sf routed cabinet'!$G$17:$G$30)) + (SUMIF('Sf routed cabinet (2)'!$B$17:$B$30,B3,'Sf routed cabinet (2)'!$G$17:$G$30)) + (SUMIF('Df routed cabinet'!$B$17:$B$30,B3,'Df routed cabinet'!$G$17:$G$30)) + (SUMIF('Df routed cabinet (2)'!$B$17:$B$30,B3,'Df routed cabinet (2)'!$G$17:$G$30)) + (SUMIF('Sf acrylic cabinet'!$B$17:$B$30,B3,'Sf acrylic cabinet'!$G$17:$G$30)) + (SUMIF('Sf acrylic cabinet (2)'!$B$17:$B$30,B3,'Sf acrylic cabinet (2)'!$G$17:$G$30)) + (SUMIF('Economy Sf acrylic'!$B$17:$B$30,B3,'Economy Sf acrylic'!$G$17:$G$30)) + (SUMIF('Df acrylic cabinet'!$B$17:$B$30,B3,'Df acrylic cabinet'!$G$17:$G$30)) + (SUMIF('Df acrylic cabinet (2)'!$B$17:$B$30,B3,'Df acrylic cabinet (2)'!$G$17:$G$30)) + (SUMIF('Sf flex cabinet'!$B$17:$B$30,B3,'Sf flex cabinet'!$G$17:$G$30)) + (SUMIF('Sf flex cabinet (2)'!$B$17:$B$30,B3,'Sf flex cabinet (2)'!$G$17:$G$30)) + (SUMIF('Df flex cabinet'!$B$17:$B$36,B3,'Df flex cabinet'!$G$17:$G$36)) + (SUMIF('Df flex cabinet (2)'!$B$17:$B$36,B3,'Df flex cabinet (2)'!$G$17:$G$36)) + (SUMIF('Pole cover'!$B$17:$B$30,B3,'Pole cover'!$G$17:$G$30)) + (SUMIF('Pole cover (2)'!$B$17:$B$30,B3,'Pole cover (2)'!$G$17:$G$30)) + (SUMIF('Structural Steel Fab'!$B$17:$B$29,B3,'Structural Steel Fab'!$G$17:$G$29)) + (SUMIF(Reveal!$B$17:$B$30,B3,Reveal!$G$17:$G$30)) + (SUMIF('Reveal (2)'!$B$17:$B$30,B3,'Reveal (2)'!$G$17:$G$30)) + (SUMIF('Crown cove top'!$B$17:$B$30,B3,'Crown cove top'!$G$17:$G$30)) + (SUMIF('EMC assembly'!$B$17:$B$30,B3,'EMC assembly'!$G$17:$G$30)) + (SUMIF(Crating!$B$17:$B$29,B3,Crating!$G$17:$G$29)) + (SUMIF('LED wiring'!$B$17:$B$30,B3,'LED wiring'!$G$17:$G$30)) + (SUMIF('Changeable copy face'!$B$17:$B$30,B3,'Changeable copy face'!$G$17:$G$30)) + (SUMIF('Flex face assembly'!$B$17:$B$30,B3,'Flex face assembly'!$G$17:$G$30)) + (SUMIF('Routed face assembly'!$B$17:$B$30,B3,'Routed face assembly'!$G$17:$G$30)) + (SUMIF('Paint calculation'!$B$17:$B$30,B3,'Paint calculation'!$G$17:$G$30)) + (SUMIF('Trimcap letter face'!$B$17:$B$30,B3,'Trimcap letter face'!$G$17:$G$30)) + (SUMIF('Trimcap letter face (2)'!$B$17:$B$30,B3,'Trimcap letter face (2)'!$G$17:$G$30)) + (SUMIF('Channel letter fabrication'!$B$17:$B$30,B3,'Channel letter fabrication'!$G$17:$G$30)) + (SUMIF('Channel letter fabrication (2)'!$B$17:$B$30,B3,'Channel letter fabrication (2)'!$G$17:$G$30)) -> 0
A4: =[1]ODBC!$A4 -> 54" 3M IJ180-CV3 Controltac White Opaque | B4: =[1]ODBC!B4 -> 10000 | C4: =IFERROR(VLOOKUP($B4,[1]ODBC!$B:$H,2,FALSE),"") -> 5.381 | D4: =IFERROR(VLOOKUP($B4,[1]ODBC!$B:$H,3,FALSE),"") -> 9.687 | E4: =IFERROR(VLOOKUP($B4,[1]ODBC!$B:$H,4,FALSE),"") -> LF | F4: =IFERROR(VLOOKUP($B4,[1]ODBC!$B:$H,5,FALSE),"") -> 44.45 | G4: =[1]ODBC!G4 -> 0 | H4: =SUM([1]ODBC!H4) -> 45240 | I4: ='Vinyl cutting'!$B$2 -> J36938 | J4: =(SUMIF('Freeform time and material'!$B$17:$B$30,B4,'Freeform time and material'!$G$17:$G$30)) + (SUMIF('Vinyl cutting'!$B$17:$B$30,B4,'Vinyl cutting'!$G$17:$G$30)) + (SUMIF('Vinyl cutting (2)'!$B$17:$B$30,B4,'Vinyl cutting (2)'!$G$17:$G$30)) + (SUMIF('Apply vinyl graphics'!$B$17:$B$30,B4,'Apply vinyl graphics'!$G$17:$G$30)) + (SUMIF('Apply vinyl graphics (2)'!$B$17:$B$30,B4,'Apply vinyl graphics (2)'!$G$17:$G$30)) + (SUMIF('Alum pan sign'!$B$17:$B$30,B4,'Alum pan sign'!$G$17:$G$30)) + (SUMIF('Alum pan sign (2)'!$B$17:$B$30,B4,'Alum pan sign (2)'!$G$17:$G$30)) + (SUMIF('Economy pan sign'!$B$17:$B$30,B4,'Economy pan sign'!$G$17:$G$30)) + (SUMIF('Post and panel sign'!$B$17:$B$30,B4,'Post and panel sign'!$G$17:$G$30)) + (SUMIF('Post and panel sign (2)'!$B$17:$B$30,B4,'Post and panel sign (2)'!$G$17:$G$30)) + (SUMIF('Flat panels only'!$B$17:$B$30,B4,'Flat panels only'!$G$17:$G$30)) + (SUMIF('Flat panels only (2)'!$B$17:$B$30,B4,'Flat panels only (2)'!$G$17:$G$30)) + (SUMIF('Routed panel shapes'!$B$18:$B$31,B4,'Routed panel shapes'!$G$18:$G$31)) + (SUMIF('Routed panel shapes (2)'!$B$18:$B$31,B4,'Routed panel shapes (2)'!$G$18:$G$31)) + (SUMIF('Routed face only'!$B$17:$B$30,B4,'Routed face only'!$G$17:$G$30)) + (SUMIF('Routed face only (2)'!$B$17:$B$30,B4,'Routed face only (2)'!$G$17:$G$30)) + (SUMIF('Routed alum faces letters'!$B$17:$B$30,B4,'Routed alum faces letters'!$G$17:$G$30)) + (SUMIF('Routed alum faces letters (2)'!$B$17:$B$30,B4,'Routed alum faces letters (2)'!$G$17:$G$30)) + (SUMIF('Routed push through acrylic'!$B$17:$B$30,B4,'Routed push through acrylic'!$G$17:$G$30)) + (SUMIF('Routed push through acrylic (2)'!$B$17:$B$30,B4,'Routed push through acrylic (2)'!$G$17:$G$30)) + (SUMIF('Sf routed cabinet'!$B$17:$B$30,B4,'Sf routed cabinet'!$G$17:$G$30)) + (SUMIF('Sf routed cabinet (2)'!$B$17:$B$30,B4,'Sf routed cabinet (2)'!$G$17:$G$30)) + (SUMIF('Df routed cabinet'!$B$17:$B$30,B4,'Df routed cabinet'!$G$17:$G$30)) + (SUMIF('Df routed cabinet (2)'!$B$17:$B$30,B4,'Df routed cabinet (2)'!$G$17:$G$30)) + (SUMIF('Sf acrylic cabinet'!$B$17:$B$30,B4,'Sf acrylic cabinet'!$G$17:$G$30)) + (SUMIF('Sf acrylic cabinet (2)'!$B$17:$B$30,B4,'Sf acrylic cabinet (2)'!$G$17:$G$30)) + (SUMIF('Economy Sf acrylic'!$B$17:$B$30,B4,'Economy Sf acrylic'!$G$17:$G$30)) + (SUMIF('Df acrylic cabinet'!$B$17:$B$30,B4,'Df acrylic cabinet'!$G$17:$G$30)) + (SUMIF('Df acrylic cabinet (2)'!$B$17:$B$30,B4,'Df acrylic cabinet (2)'!$G$17:$G$30)) + (SUMIF('Sf flex cabinet'!$B$17:$B$30,B4,'Sf flex cabinet'!$G$17:$G$30)) + (SUMIF('Sf flex cabinet (2)'!$B$17:$B$30,B4,'Sf flex cabinet (2)'!$G$17:$G$30)) + (SUMIF('Df flex cabinet'!$B$17:$B$36,B4,'Df flex cabinet'!$G$17:$G$36)) + (SUMIF('Df flex cabinet (2)'!$B$17:$B$36,B4,'Df flex cabinet (2)'!$G$17:$G$36)) + (SUMIF('Pole cover'!$B$17:$B$30,B4,'Pole cover'!$G$17:$G$30)) + (SUMIF('Pole cover (2)'!$B$17:$B$30,B4,'Pole cover (2)'!$G$17:$G$30)) + (SUMIF('Structural Steel Fab'!$B$17:$B$29,B4,'Structural Steel Fab'!$G$17:$G$29)) + (SUMIF(Reveal!$B$17:$B$30,B4,Reveal!$G$17:$G$30)) + (SUMIF('Reveal (2)'!$B$17:$B$30,B4,'Reveal (2)'!$G$17:$G$30)) + (SUMIF('Crown cove top'!$B$17:$B$30,B4,'Crown cove top'!$G$17:$G$30)) + (SUMIF('EMC assembly'!$B$17:$B$30,B4,'EMC assembly'!$G$17:$G$30)) + (SUMIF(Crating!$B$17:$B$29,B4,Crating!$G$17:$G$29)) + (SUMIF('LED wiring'!$B$17:$B$30,B4,'LED wiring'!$G$17:$G$30)) + (SUMIF('Changeable copy face'!$B$17:$B$30,B4,'Changeable copy face'!$G$17:$G$30)) + (SUMIF('Flex face assembly'!$B$17:$B$30,B4,'Flex face assembly'!$G$17:$G$30)) + (SUMIF('Routed face assembly'!$B$17:$B$30,B4,'Routed face assembly'!$G$17:$G$30)) + (SUMIF('Paint calculation'!$B$17:$B$30,B4,'Paint calculation'!$G$17:$G$30)) + (SUMIF('Trimcap letter face'!$B$17:$B$30,B4,'Trimcap letter face'!$G$17:$G$30)) + (SUMIF('Trimcap letter face (2)'!$B$17:$B$30,B4,'Trimcap letter face (2)'!$G$17:$G$30)) + (SUMIF('Channel letter fabrication'!$B$17:$B$30,B4,'Channel letter fabrication'!$G$17:$G$30)) + (SUMIF('Channel letter fabrication (2)'!$B$17:$B$30,B4,'Channel letter fabrication (2)'!$G$17:$G$30)) -> 0
A5: =[1]ODBC!$A5 -> 60" 3M IJ180-CV3 Controltac White Opaque | B5: =[1]ODBC!B5 -> 10001 | C5: =IFERROR(VLOOKUP($B5,[1]ODBC!$B:$H,2,FALSE),"") -> 5.809 | D5: =IFERROR(VLOOKUP($B5,[1]ODBC!$B:$H,3,FALSE),"") -> 10.457 | E5: =IFERROR(VLOOKUP($B5,[1]ODBC!$B:$H,4,FALSE),"") -> LF | F5: =IFERROR(VLOOKUP($B5,[1]ODBC!$B:$H,5,FALSE),"") -> 44.45 | G5: =[1]ODBC!G5 -> 0 | H5: =SUM([1]ODBC!H5) -> 44804 | I5: ='Vinyl cutting'!$B$2 -> J36938 | J5: =(SUMIF('Freeform time and material'!$B$17:$B$30,B5,'Freeform time and material'!$G$17:$G$30)) + (SUMIF('Vinyl cutting'!$B$17:$B$30,B5,'Vinyl cutting'!$G$17:$G$30)) + (SUMIF('Vinyl cutting (2)'!$B$17:$B$30,B5,'Vinyl cutting (2)'!$G$17:$G$30)) + (SUMIF('Apply vinyl graphics'!$B$17:$B$30,B5,'Apply vinyl graphics'!$G$17:$G$30)) + (SUMIF('Apply vinyl graphics (2)'!$B$17:$B$30,B5,'Apply vinyl graphics (2)'!$G$17:$G$30)) + (SUMIF('Alum pan sign'!$B$17:$B$30,B5,'Alum pan sign'!$G$17:$G$30)) + (SUMIF('Alum pan sign (2)'!$B$17:$B$30,B5,'Alum pan sign (2)'!$G$17:$G$30)) + (SUMIF('Economy pan sign'!$B$17:$B$30,B5,'Economy pan sign'!$G$17:$G$30)) + (SUMIF('Post and panel sign'!$B$17:$B$30,B5,'Post and panel sign'!$G$17:$G$30)) + (SUMIF('Post and panel sign (2)'!$B$17:$B$30,B5,'Post and panel sign (2)'!$G$17:$G$30)) + (SUMIF('Flat panels only'!$B$17:$B$30,B5,'Flat panels only'!$G$17:$G$30)) + (SUMIF('Flat panels only (2)'!$B$17:$B$30,B5,'Flat panels only (2)'!$G$17:$G$30)) + (SUMIF('Routed panel shapes'!$B$18:$B$31,B5,'Routed panel shapes'!$G$18:$G$31)) + (SUMIF('Routed panel shapes (2)'!$B$18:$B$31,B5,'Routed panel shapes (2)'!$G$18:$G$31)) + (SUMIF('Routed face only'!$B$17:$B$30,B5,'Routed face only'!$G$17:$G$30)) + (SUMIF('Routed face only (2)'!$B$17:$B$30,B5,'Routed face only (2)'!$G$17:$G$30)) + (SUMIF('Routed alum faces letters'!$B$17:$B$30,B5,'Routed alum faces letters'!$G$17:$G$30)) + (SUMIF('Routed alum faces letters (2)'!$B$17:$B$30,B5,'Routed alum faces letters (2)'!$G$17:$G$30)) + (SUMIF('Routed push through acrylic'!$B$17:$B$30,B5,'Routed push through acrylic'!$G$17:$G$30)) + (SUMIF('Routed push through acrylic (2)'!$B$17:$B$30,B5,'Routed push through acrylic (2)'!$G$17:$G$30)) + (SUMIF('Sf routed cabinet'!$B$17:$B$30,B5,'Sf routed cabinet'!$G$17:$G$30)) + (SUMIF('Sf routed cabinet (2)'!$B$17:$B$30,B5,'Sf routed cabinet (2)'!$G$17:$G$30)) + (SUMIF('Df routed cabinet'!$B$17:$B$30,B5,'Df routed cabinet'!$G$17:$G$30)) + (SUMIF('Df routed cabinet (2)'!$B$17:$B$30,B5,'Df routed cabinet (2)'!$G$17:$G$30)) + (SUMIF('Sf acrylic cabinet'!$B$17:$B$30,B5,'Sf acrylic cabinet'!$G$17:$G$30)) + (SUMIF('Sf acrylic cabinet (2)'!$B$17:$B$30,B5,'Sf acrylic cabinet (2)'!$G$17:$G$30)) + (SUMIF('Economy Sf acrylic'!$B$17:$B$30,B5,'Economy Sf acrylic'!$G$17:$G$30)) + (SUMIF('Df acrylic cabinet'!$B$17:$B$30,B5,'Df acrylic cabinet'!$G$17:$G$30)) + (SUMIF('Df acrylic cabinet (2)'!$B$17:$B$30,B5,'Df acrylic cabinet (2)'!$G$17:$G$30)) + (SUMIF('Sf flex cabinet'!$B$17:$B$30,B5,'Sf flex cabinet'!$G$17:$G$30)) + (SUMIF('Sf flex cabinet (2)'!$B$17:$B$30,B5,'Sf flex cabinet (2)'!$G$17:$G$30)) + (SUMIF('Df flex cabinet'!$B$17:$B$36,B5,'Df flex cabinet'!$G$17:$G$36)) + (SUMIF('Df flex cabinet (2)'!$B$17:$B$36,B5,'Df flex cabinet (2)'!$G$17:$G$36)) + (SUMIF('Pole cover'!$B$17:$B$30,B5,'Pole cover'!$G$17:$G$30)) + (SUMIF('Pole cover (2)'!$B$17:$B$30,B5,'Pole cover (2)'!$G$17:$G$30)) + (SUMIF('Structural Steel Fab'!$B$17:$B$29,B5,'Structural Steel Fab'!$G$17:$G$29)) + (SUMIF(Reveal!$B$17:$B$30,B5,Reveal!$G$17:$G$30)) + (SUMIF('Reveal (2)'!$B$17:$B$30,B5,'Reveal (2)'!$G$17:$G$30)) + (SUMIF('Crown cove top'!$B$17:$B$30,B5,'Crown cove top'!$G$17:$G$30)) + (SUMIF('EMC assembly'!$B$17:$B$30,B5,'EMC assembly'!$G$17:$G$30)) + (SUMIF(Crating!$B$17:$B$29,B5,Crating!$G$17:$G$29)) + (SUMIF('LED wiring'!$B$17:$B$30,B5,'LED wiring'!$G$17:$G$30)) + (SUMIF('Changeable copy face'!$B$17:$B$30,B5,'Changeable copy face'!$G$17:$G$30)) + (SUMIF('Flex face assembly'!$B$17:$B$30,B5,'Flex face assembly'!$G$17:$G$30)) + (SUMIF('Routed face assembly'!$B$17:$B$30,B5,'Routed face assembly'!$G$17:$G$30)) + (SUMIF('Paint calculation'!$B$17:$B$30,B5,'Paint calculation'!$G$17:$G$30)) + (SUMIF('Trimcap letter face'!$B$17:$B$30,B5,'Trimcap letter face'!$G$17:$G$30)) + (SUMIF('Trimcap letter face (2)'!$B$17:$B$30,B5,'Trimcap letter face (2)'!$G$17:$G$30)) + (SUMIF('Channel letter fabrication'!$B$17:$B$30,B5,'Channel letter fabrication'!$G$17:$G$30)) + (SUMIF('Channel letter fabrication (2)'!$B$17:$B$30,B5,'Channel letter fabrication (2)'!$G$17:$G$30)) -> 0
A6: =[1]ODBC!$A6 -> 54" 3M 3650-114 Clear Transparent | B6: =[1]ODBC!B6 -> 10015 | C6: =IFERROR(VLOOKUP($B6,[1]ODBC!$B:$H,2,FALSE),"") -> 5.77 | D6: =IFERROR(VLOOKUP($B6,[1]ODBC!$B:$H,3,FALSE),"") -> 10.387 | E6: =IFERROR(VLOOKUP($B6,[1]ODBC!$B:$H,4,FALSE),"") -> LF | F6: =IFERROR(VLOOKUP($B6,[1]ODBC!$B:$H,5,FALSE),"") -> 44.45 | G6: =[1]ODBC!G6 -> 0 | H6: =SUM([1]ODBC!H6) -> 44742 | I6: ='Vinyl cutting'!$B$2 -> J36938 | J6: =(SUMIF('Freeform time and material'!$B$17:$B$30,B6,'Freeform time and material'!$G$17:$G$30)) + (SUMIF('Vinyl cutting'!$B$17:$B$30,B6,'Vinyl cutting'!$G$17:$G$30)) + (SUMIF('Vinyl cutting (2)'!$B$17:$B$30,B6,'Vinyl cutting (2)'!$G$17:$G$30)) + (SUMIF('Apply vinyl graphics'!$B$17:$B$30,B6,'Apply vinyl graphics'!$G$17:$G$30)) + (SUMIF('Apply vinyl graphics (2)'!$B$17:$B$30,B6,'Apply vinyl graphics (2)'!$G$17:$G$30)) + (SUMIF('Alum pan sign'!$B$17:$B$30,B6,'Alum pan sign'!$G$17:$G$30)) + (SUMIF('Alum pan sign (2)'!$B$17:$B$30,B6,'Alum pan sign (2)'!$G$17:$G$30)) + (SUMIF('Economy pan sign'!$B$17:$B$30,B6,'Economy pan sign'!$G$17:$G$30)) + (SUMIF('Post and panel sign'!$B$17:$B$30,B6,'Post and panel sign'!$G$17:$G$30)) + (SUMIF('Post and panel sign (2)'!$B$17:$B$30,B6,'Post and panel sign (2)'!$G$17:$G$30)) + (SUMIF('Flat panels only'!$B$17:$B$30,B6,'Flat panels only'!$G$17:$G$30)) + (SUMIF('Flat panels only (2)'!$B$17:$B$30,B6,'Flat panels only (2)'!$G$17:$G$30)) + (SUMIF('Routed panel shapes'!$B$18:$B$31,B6,'Routed panel shapes'!$G$18:$G$31)) + (SUMIF('Routed panel shapes (2)'!$B$18:$B$31,B6,'Routed panel shapes (2)'!$G$18:$G$31)) + (SUMIF('Routed face only'!$B$17:$B$30,B6,'Routed face only'!$G$17:$G$30)) + (SUMIF('Routed face only (2)'!$B$17:$B$30,B6,'Routed face only (2)'!$G$17:$G$30)) + (SUMIF('Routed alum faces letters'!$B$17:$B$30,B6,'Routed alum faces letters'!$G$17:$G$30)) + (SUMIF('Routed alum faces letters (2)'!$B$17:$B$30,B6,'Routed alum faces letters (2)'!$G$17:$G$30)) + (SUMIF('Routed push through acrylic'!$B$17:$B$30,B6,'Routed push through acrylic'!$G$17:$G$30)) + (SUMIF('Routed push through acrylic (2)'!$B$17:$B$30,B6,'Routed push through acrylic (2)'!$G$17:$G$30)) + (SUMIF('Sf routed cabinet'!$B$17:$B$30,B6,'Sf routed cabinet'!$G$17:$G$30)) + (SUMIF('Sf routed cabinet (2)'!$B$17:$B$30,B6,'Sf routed cabinet (2)'!$G$17:$G$30)) + (SUMIF('Df routed cabinet'!$B$17:$B$30,B6,'Df routed cabinet'!$G$17:$G$30)) + (SUMIF('Df routed cabinet (2)'!$B$17:$B$30,B6,'Df routed cabinet (2)'!$G$17:$G$30)) + (SUMIF('Sf acrylic cabinet'!$B$17:$B$30,B6,'Sf acrylic cabinet'!$G$17:$G$30)) + (SUMIF('Sf acrylic cabinet (2)'!$B$17:$B$30,B6,'Sf acrylic cabinet (2)'!$G$17:$G$30)) + (SUMIF('Economy Sf acrylic'!$B$17:$B$30,B6,'Economy Sf acrylic'!$G$17:$G$30)) + (SUMIF('Df acrylic cabinet'!$B$17:$B$30,B6,'Df acrylic cabinet'!$G$17:$G$30)) + (SUMIF('Df acrylic cabinet (2)'!$B$17:$B$30,B6,'Df acrylic cabinet (2)'!$G$17:$G$30)) + (SUMIF('Sf flex cabinet'!$B$17:$B$30,B6,'Sf flex cabinet'!$G$17:$G$30)) + (SUMIF('Sf flex cabinet (2)'!$B$17:$B$30,B6,'Sf flex cabinet (2)'!$G$17:$G$30)) + (SUMIF('Df flex cabinet'!$B$17:$B$36,B6,'Df flex cabinet'!$G$17:$G$36)) + (SUMIF('Df flex cabinet (2)'!$B$17:$B$36,B6,'Df flex cabinet (2)'!$G$17:$G$36)) + (SUMIF('Pole cover'!$B$17:$B$30,B6,'Pole cover'!$G$17:$G$30)) + (SUMIF('Pole cover (2)'!$B$17:$B$30,B6,'Pole cover (2)'!$G$17:$G$30)) + (SUMIF('Structural Steel Fab'!$B$17:$B$29,B6,'Structural Steel Fab'!$G$17:$G$29)) + (SUMIF(Reveal!$B$17:$B$30,B6,Reveal!$G$17:$G$30)) + (SUMIF('Reveal (2)'!$B$17:$B$30,B6,'Reveal (2)'!$G$17:$G$30)) + (SUMIF('Crown cove top'!$B$17:$B$30,B6,'Crown cove top'!$G$17:$G$30)) + (SUMIF('EMC assembly'!$B$17:$B$30,B6,'EMC assembly'!$G$17:$G$30)) + (SUMIF(Crating!$B$17:$B$29,B6,Crating!$G$17:$G$29)) + (SUMIF('LED wiring'!$B$17:$B$30,B6,'LED wiring'!$G$17:$G$30)) + (SUMIF('Changeable copy face'!$B$17:$B$30,B6,'Changeable copy face'!$G$17:$G$30)) + (SUMIF('Flex face assembly'!$B$17:$B$30,B6,'Flex face assembly'!$G$17:$G$30)) + (SUMIF('Routed face assembly'!$B$17:$B$30,B6,'Routed face assembly'!$G$17:$G$30)) + (SUMIF('Paint calculation'!$B$17:$B$30,B6,'Paint calculation'!$G$17:$G$30)) + (SUMIF('Trimcap letter face'!$B$17:$B$30,B6,'Trimcap letter face'!$G$17:$G$30)) + (SUMIF('Trimcap letter face (2)'!$B$17:$B$30,B6,'Trimcap letter face (2)'!$G$17:$G$30)) + (SUMIF('Channel letter fabrication'!$B$17:$B$30,B6,'Channel letter fabrication'!$G$17:$G$30)) + (SUMIF('Channel letter fabrication (2)'!$B$17:$B$30,B6,'Channel letter fabrication (2)'!$G$17:$G$30)) -> 0
A7: =[1]ODBC!$A7 -> 54" IJ36-20 Low Tac Print Media | B7: =[1]ODBC!B7 -> 10018 | C7: =IFERROR(VLOOKUP($B7,[1]ODBC!$B:$H,2,FALSE),"") -> 1.37 | D7: =IFERROR(VLOOKUP($B7,[1]ODBC!$B:$H,3,FALSE),"") -> 2.466 | E7: =IFERROR(VLOOKUP($B7,[1]ODBC!$B:$H,4,FALSE),"") -> LF | F7: =IFERROR(VLOOKUP($B7,[1]ODBC!$B:$H,5,FALSE),"") -> 44.45 | G7: =[1]ODBC!G7 -> 0 | H7: =SUM([1]ODBC!H7) -> 44578 | I7: ='Vinyl cutting'!$B$2 -> J36938 | J7: =(SUMIF('Freeform time and material'!$B$17:$B$30,B7,'Freeform time and material'!$G$17:$G$30)) + (SUMIF('Vinyl cutting'!$B$17:$B$30,B7,'Vinyl cutting'!$G$17:$G$30)) + (SUMIF('Vinyl cutting (2)'!$B$17:$B$30,B7,'Vinyl cutting (2)'!$G$17:$G$30)) + (SUMIF('Apply vinyl graphics'!$B$17:$B$30,B7,'Apply vinyl graphics'!$G$17:$G$30)) + (SUMIF('Apply vinyl graphics (2)'!$B$17:$B$30,B7,'Apply vinyl graphics (2)'!$G$17:$G$30)) + (SUMIF('Alum pan sign'!$B$17:$B$30,B7,'Alum pan sign'!$G$17:$G$30)) + (SUMIF('Alum pan sign (2)'!$B$17:$B$30,B7,'Alum pan sign (2)'!$G$17:$G$30)) + (SUMIF('Economy pan sign'!$B$17:$B$30,B7,'Economy pan sign'!$G$17:$G$30)) + (SUMIF('Post and panel sign'!$B$17:$B$30,B7,'Post and panel sign'!$G$17:$G$30)) + (SUMIF('Post and panel sign (2)'!$B$17:$B$30,B7,'Post and panel sign (2)'!$G$17:$G$30)) + (SUMIF('Flat panels only'!$B$17:$B$30,B7,'Flat panels only'!$G$17:$G$30)) + (SUMIF('Flat panels only (2)'!$B$17:$B$30,B7,'Flat panels only (2)'!$G$17:$G$30)) + (SUMIF('Routed panel shapes'!$B$18:$B$31,B7,'Routed panel shapes'!$G$18:$G$31)) + (SUMIF('Routed panel shapes (2)'!$B$18:$B$31,B7,'Routed panel shapes (2)'!$G$18:$G$31)) + (SUMIF('Routed face only'!$B$17:$B$30,B7,'Routed face only'!$G$17:$G$30)) + (SUMIF('Routed face only (2)'!$B$17:$B$30,B7,'Routed face only (2)'!$G$17:$G$30)) + (SUMIF('Routed alum faces letters'!$B$17:$B$30,B7,'Routed alum faces letters'!$G$17:$G$30)) + (SUMIF('Routed alum faces letters (2)'!$B$17:$B$30,B7,'Routed alum faces letters (2)'!$G$17:$G$30)) + (SUMIF('Routed push through acrylic'!$B$17:$B$30,B7,'Routed push through acrylic'!$G$17:$G$30)) + (SUMIF('Routed push through acrylic (2)'!$B$17:$B$30,B7,'Routed push through acrylic (2)'!$G$17:$G$30)) + (SUMIF('Sf routed cabinet'!$B$17:$B$30,B7,'Sf routed cabinet'!$G$17:$G$30)) + (SUMIF('Sf routed cabinet (2)'!$B$17:$B$30,B7,'Sf routed cabinet (2)'!$G$17:$G$30)) + (SUMIF('Df routed cabinet'!$B$17:$B$30,B7,'Df routed cabinet'!$G$17:$G$30)) + (SUMIF('Df routed cabinet (2)'!$B$17:$B$30,B7,'Df routed cabinet (2)'!$G$17:$G$30)) + (SUMIF('Sf acrylic cabinet'!$B$17:$B$30,B7,'Sf acrylic cabinet'!$G$17:$G$30)) + (SUMIF('Sf acrylic cabinet (2)'!$B$17:$B$30,B7,'Sf acrylic cabinet (2)'!$G$17:$G$30)) + (SUMIF('Economy Sf acrylic'!$B$17:$B$30,B7,'Economy Sf acrylic'!$G$17:$G$30)) + (SUMIF('Df acrylic cabinet'!$B$17:$B$30,B7,'Df acrylic cabinet'!$G$17:$G$30)) + (SUMIF('Df acrylic cabinet (2)'!$B$17:$B$30,B7,'Df acrylic cabinet (2)'!$G$17:$G$30)) + (SUMIF('Sf flex cabinet'!$B$17:$B$30,B7,'Sf flex cabinet'!$G$17:$G$30)) + (SUMIF('Sf flex cabinet (2)'!$B$17:$B$30,B7,'Sf flex cabinet (2)'!$G$17:$G$30)) + (SUMIF('Df flex cabinet'!$B$17:$B$36,B7,'Df flex cabinet'!$G$17:$G$36)) + (SUMIF('Df flex cabinet (2)'!$B$17:$B$36,B7,'Df flex cabinet (2)'!$G$17:$G$36)) + (SUMIF('Pole cover'!$B$17:$B$30,B7,'Pole cover'!$G$17:$G$30)) + (SUMIF('Pole cover (2)'!$B$17:$B$30,B7,'Pole cover (2)'!$G$17:$G$30)) + (SUMIF('Structural Steel Fab'!$B$17:$B$29,B7,'Structural Steel Fab'!$G$17:$G$29)) + (SUMIF(Reveal!$B$17:$B$30,B7,Reveal!$G$17:$G$30)) + (SUMIF('Reveal (2)'!$B$17:$B$30,B7,'Reveal (2)'!$G$17:$G$30)) + (SUMIF('Crown cove top'!$B$17:$B$30,B7,'Crown cove top'!$G$17:$G$30)) + (SUMIF('EMC assembly'!$B$17:$B$30,B7,'EMC assembly'!$G$17:$G$30)) + (SUMIF(Crating!$B$17:$B$29,B7,Crating!$G$17:$G$29)) + (SUMIF('LED wiring'!$B$17:$B$30,B7,'LED wiring'!$G$17:$G$30)) + (SUMIF('Changeable copy face'!$B$17:$B$30,B7,'Changeable copy face'!$G$17:$G$30)) + (SUMIF('Flex face assembly'!$B$17:$B$30,B7,'Flex face assembly'!$G$17:$G$30)) + (SUMIF('Routed face assembly'!$B$17:$B$30,B7,'Routed face assembly'!$G$17:$G$30)) + (SUMIF('Paint calculation'!$B$17:$B$30,B7,'Paint calculation'!$G$17:$G$30)) + (SUMIF('Trimcap letter face'!$B$17:$B$30,B7,'Trimcap letter face'!$G$17:$G$30)) + (SUMIF('Trimcap letter face (2)'!$B$17:$B$30,B7,'Trimcap letter face (2)'!$G$17:$G$30)) + (SUMIF('Channel letter fabrication'!$B$17:$B$30,B7,'Channel letter fabrication'!$G$17:$G$30)) + (SUMIF('Channel letter fabrication (2)'!$B$17:$B$30,B7,'Channel letter fabrication (2)'!$G$17:$G$30)) -> 0
A8: =[1]ODBC!$A8 -> 54" IJ3730-50 White Translucent | B8: =[1]ODBC!B8 -> 10021 | C8: =IFERROR(VLOOKUP($B8,[1]ODBC!$B:$H,2,FALSE),"") -> 8.352 | D8: =IFERROR(VLOOKUP($B8,[1]ODBC!$B:$H,3,FALSE),"") -> 15.035 | E8: =IFERROR(VLOOKUP($B8,[1]ODBC!$B:$H,4,FALSE),"") -> LF | F8: =IFERROR(VLOOKUP($B8,[1]ODBC!$B:$H,5,FALSE),"") -> 44.45 | G8: =[1]ODBC!G8 -> 0 | H8: =SUM([1]ODBC!H8) -> 0 | I8: ='Vinyl cutting'!$B$2 -> J36938 | J8: =(SUMIF('Freeform time and material'!$B$17:$B$30,B8,'Freeform time and material'!$G$17:$G$30)) + (SUMIF('Vinyl cutting'!$B$17:$B$30,B8,'Vinyl cutting'!$G$17:$G$30)) + (SUMIF('Vinyl cutting (2)'!$B$17:$B$30,B8,'Vinyl cutting (2)'!$G$17:$G$30)) + (SUMIF('Apply vinyl graphics'!$B$17:$B$30,B8,'Apply vinyl graphics'!$G$17:$G$30)) + (SUMIF('Apply vinyl graphics (2)'!$B$17:$B$30,B8,'Apply vinyl graphics (2)'!$G$17:$G$30)) + (SUMIF('Alum pan sign'!$B$17:$B$30,B8,'Alum pan sign'!$G$17:$G$30)) + (SUMIF('Alum pan sign (2)'!$B$17:$B$30,B8,'Alum pan sign (2)'!$G$17:$G$30)) + (SUMIF('Economy pan sign'!$B$17:$B$30,B8,'Economy pan sign'!$G$17:$G$30)) + (SUMIF('Post and panel sign'!$B$17:$B$30,B8,'Post and panel sign'!$G$17:$G$30)) + (SUMIF('Post and panel sign (2)'!$B$17:$B$30,B8,'Post and panel sign (2)'!$G$17:$G$30)) + (SUMIF('Flat panels only'!$B$17:$B$30,B8,'Flat panels only'!$G$17:$G$30)) + (SUMIF('Flat panels only (2)'!$B$17:$B$30,B8,'Flat panels only (2)'!$G$17:$G$30)) + (SUMIF('Routed panel shapes'!$B$18:$B$31,B8,'Routed panel shapes'!$G$18:$G$31)) + (SUMIF('Routed panel shapes (2)'!$B$18:$B$31,B8,'Routed panel shapes (2)'!$G$18:$G$31)) + (SUMIF('Routed face only'!$B$17:$B$30,B8,'Routed face only'!$G$17:$G$30)) + (SUMIF('Routed face only (2)'!$B$17:$B$30,B8,'Routed face only (2)'!$G$17:$G$30)) + (SUMIF('Routed alum faces letters'!$B$17:$B$30,B8,'Routed alum faces letters'!$G$17:$G$30)) + (SUMIF('Routed alum faces letters (2)'!$B$17:$B$30,B8,'Routed alum faces letters (2)'!$G$17:$G$30)) + (SUMIF('Routed push through acrylic'!$B$17:$B$30,B8,'Routed push through acrylic'!$G$17:$G$30)) + (SUMIF('Routed push through acrylic (2)'!$B$17:$B$30,B8,'Routed push through acrylic (2)'!$G$17:$G$30)) + (SUMIF('Sf routed cabinet'!$B$17:$B$30,B8,'Sf routed cabinet'!$G$17:$G$30)) + (SUMIF('Sf routed cabinet (2)'!$B$17:$B$30,B8,'Sf routed cabinet (2)'!$G$17:$G$30)) + (SUMIF('Df routed cabinet'!$B$17:$B$30,B8,'Df routed cabinet'!$G$17:$G$30)) + (SUMIF('Df routed cabinet (2)'!$B$17:$B$30,B8,'Df routed cabinet (2)'!$G$17:$G$30)) + (SUMIF('Sf acrylic cabinet'!$B$17:$B$30,B8,'Sf acrylic cabinet'!$G$17:$G$30)) + (SUMIF('Sf acrylic cabinet (2)'!$B$17:$B$30,B8,'Sf acrylic cabinet (2)'!$G$17:$G$30)) + (SUMIF('Economy Sf acrylic'!$B$17:$B$30,B8,'Economy Sf acrylic'!$G$17:$G$30)) + (SUMIF('Df acrylic cabinet'!$B$17:$B$30,B8,'Df acrylic cabinet'!$G$17:$G$30)) + (SUMIF('Df acrylic cabinet (2)'!$B$17:$B$30,B8,'Df acrylic cabinet (2)'!$G$17:$G$30)) + (SUMIF('Sf flex cabinet'!$B$17:$B$30,B8,'Sf flex cabinet'!$G$17:$G$30)) + (SUMIF('Sf flex cabinet (2)'!$B$17:$B$30,B8,'Sf flex cabinet (2)'!$G$17:$G$30)) + (SUMIF('Df flex cabinet'!$B$17:$B$36,B8,'Df flex cabinet'!$G$17:$G$36)) + (SUMIF('Df flex cabinet (2)'!$B$17:$B$36,B8,'Df flex cabinet (2)'!$G$17:$G$36)) + (SUMIF('Pole cover'!$B$17:$B$30,B8,'Pole cover'!$G$17:$G$30)) + (SUMIF('Pole cover (2)'!$B$17:$B$30,B8,'Pole cover (2)'!$G$17:$G$30)) + (SUMIF('Structural Steel Fab'!$B$17:$B$29,B8,'Structural Steel Fab'!$G$17:$G$29)) + (SUMIF(Reveal!$B$17:$B$30,B8,Reveal!$G$17:$G$30)) + (SUMIF('Reveal (2)'!$B$17:$B$30,B8,'Reveal (2)'!$G$17:$G$30)) + (SUMIF('Crown cove top'!$B$17:$B$30,B8,'Crown cove top'!$G$17:$G$30)) + (SUMIF('EMC assembly'!$B$17:$B$30,B8,'EMC assembly'!$G$17:$G$30)) + (SUMIF(Crating!$B$17:$B$29,B8,Crating!$G$17:$G$29)) + (SUMIF('LED wiring'!$B$17:$B$30,B8,'LED wiring'!$G$17:$G$30)) + (SUMIF('Changeable copy face'!$B$17:$B$30,B8,'Changeable copy face'!$G$17:$G$30)) + (SUMIF('Flex face assembly'!$B$17:$B$30,B8,'Flex face assembly'!$G$17:$G$30)) + (SUMIF('Routed face assembly'!$B$17:$B$30,B8,'Routed face assembly'!$G$17:$G$30)) + (SUMIF('Paint calculation'!$B$17:$B$30,B8,'Paint calculation'!$G$17:$G$30)) + (SUMIF('Trimcap letter face'!$B$17:$B$30,B8,'Trimcap letter face'!$G$17:$G$30)) + (SUMIF('Trimcap letter face (2)'!$B$17:$B$30,B8,'Trimcap letter face (2)'!$G$17:$G$30)) + (SUMIF('Channel letter fabrication'!$B$17:$B$30,B8,'Channel letter fabrication'!$G$17:$G$30)) + (SUMIF('Channel letter fabrication (2)'!$B$17:$B$30,B8,'Channel letter fabrication (2)'!$G$17:$G$30)) -> 0
A9: =[1]ODBC!$A9 -> 63"x 50yd Cooly 13oz Gl Banner | B9: =[1]ODBC!B9 -> 10026 | C9: =IFERROR(VLOOKUP($B9,[1]ODBC!$B:$H,2,FALSE),"") -> 1.091 | D9: =IFERROR(VLOOKUP($B9,[1]ODBC!$B:$H,3,FALSE),"") -> 1.964 | E9: =IFERROR(VLOOKUP($B9,[1]ODBC!$B:$H,4,FALSE),"") -> LF | F9: =IFERROR(VLOOKUP($B9,[1]ODBC!$B:$H,5,FALSE),"") -> 44.45 | G9: =[1]ODBC!G9 -> 0 | H9: =SUM([1]ODBC!H9) -> 45014 | I9: ='Vinyl cutting'!$B$2 -> J36938 | J9: =(SUMIF('Freeform time and material'!$B$17:$B$30,B9,'Freeform time and material'!$G$17:$G$30)) + (SUMIF('Vinyl cutting'!$B$17:$B$30,B9,'Vinyl cutting'!$G$17:$G$30)) + (SUMIF('Vinyl cutting (2)'!$B$17:$B$30,B9,'Vinyl cutting (2)'!$G$17:$G$30)) + (SUMIF('Apply vinyl graphics'!$B$17:$B$30,B9,'Apply vinyl graphics'!$G$17:$G$30)) + (SUMIF('Apply vinyl graphics (2)'!$B$17:$B$30,B9,'Apply vinyl graphics (2)'!$G$17:$G$30)) + (SUMIF('Alum pan sign'!$B$17:$B$30,B9,'Alum pan sign'!$G$17:$G$30)) + (SUMIF('Alum pan sign (2)'!$B$17:$B$30,B9,'Alum pan sign (2)'!$G$17:$G$30)) + (SUMIF('Economy pan sign'!$B$17:$B$30,B9,'Economy pan sign'!$G$17:$G$30)) + (SUMIF('Post and panel sign'!$B$17:$B$30,B9,'Post and panel sign'!$G$17:$G$30)) + (SUMIF('Post and panel sign (2)'!$B$17:$B$30,B9,'Post and panel sign (2)'!$G$17:$G$30)) + (SUMIF('Flat panels only'!$B$17:$B$30,B9,'Flat panels only'!$G$17:$G$30)) + (SUMIF('Flat panels only (2)'!$B$17:$B$30,B9,'Flat panels only (2)'!$G$17:$G$30)) + (SUMIF('Routed panel shapes'!$B$18:$B$31,B9,'Routed panel shapes'!$G$18:$G$31)) + (SUMIF('Routed panel shapes (2)'!$B$18:$B$31,B9,'Routed panel shapes (2)'!$G$18:$G$31)) + (SUMIF('Routed face only'!$B$17:$B$30,B9,'Routed face only'!$G$17:$G$30)) + (SUMIF('Routed face only (2)'!$B$17:$B$30,B9,'Routed face only (2)'!$G$17:$G$30)) + (SUMIF('Routed alum faces letters'!$B$17:$B$30,B9,'Routed alum faces letters'!$G$17:$G$30)) + (SUMIF('Routed alum faces letters (2)'!$B$17:$B$30,B9,'Routed alum faces letters (2)'!$G$17:$G$30)) + (SUMIF('Routed push through acrylic'!$B$17:$B$30,B9,'Routed push through acrylic'!$G$17:$G$30)) + (SUMIF('Routed push through acrylic (2)'!$B$17:$B$30,B9,'Routed push through acrylic (2)'!$G$17:$G$30)) + (SUMIF('Sf routed cabinet'!$B$17:$B$30,B9,'Sf routed cabinet'!$G$17:$G$30)) + (SUMIF('Sf routed cabinet (2)'!$B$17:$B$30,B9,'Sf routed cabinet (2)'!$G$17:$G$30)) + (SUMIF('Df routed cabinet'!$B$17:$B$30,B9,'Df routed cabinet'!$G$17:$G$30)) + (SUMIF('Df routed cabinet (2)'!$B$17:$B$30,B9,'Df routed cabinet (2)'!$G$17:$G$30)) + (SUMIF('Sf acrylic cabinet'!$B$17:$B$30,B9,'Sf acrylic cabinet'!$G$17:$G$30)) + (SUMIF('Sf acrylic cabinet (2)'!$B$17:$B$30,B9,'Sf acrylic cabinet (2)'!$G$17:$G$30)) + (SUMIF('Economy Sf acrylic'!$B$17:$B$30,B9,'Economy Sf acrylic'!$G$17:$G$30)) + (SUMIF('Df acrylic cabinet'!$B$17:$B$30,B9,'Df acrylic cabinet'!$G$17:$G$30)) + (SUMIF('Df acrylic cabinet (2)'!$B$17:$B$30,B9,'Df acrylic cabinet (2)'!$G$17:$G$30)) + (SUMIF('Sf flex cabinet'!$B$17:$B$30,B9,'Sf flex cabinet'!$G$17:$G$30)) + (SUMIF('Sf flex cabinet (2)'!$B$17:$B$30,B9,'Sf flex cabinet (2)'!$G$17:$G$30)) + (SUMIF('Df flex cabinet'!$B$17:$B$36,B9,'Df flex cabinet'!$G$17:$G$36)) + (SUMIF('Df flex cabinet (2)'!$B$17:$B$36,B9,'Df flex cabinet (2)'!$G$17:$G$36)) + (SUMIF('Pole cover'!$B$17:$B$30,B9,'Pole cover'!$G$17:$G$30)) + (SUMIF('Pole cover (2)'!$B$17:$B$30,B9,'Pole cover (2)'!$G$17:$G$30)) + (SUMIF('Structural Steel Fab'!$B$17:$B$29,B9,'Structural Steel Fab'!$G$17:$G$29)) + (SUMIF(Reveal!$B$17:$B$30,B9,Reveal!$G$17:$G$30)) + (SUMIF('Reveal (2)'!$B$17:$B$30,B9,'Reveal (2)'!$G$17:$G$30)) + (SUMIF('Crown cove top'!$B$17:$B$30,B9,'Crown cove top'!$G$17:$G$30)) + (SUMIF('EMC assembly'!$B$17:$B$30,B9,'EMC assembly'!$G$17:$G$30)) + (SUMIF(Crating!$B$17:$B$29,B9,Crating!$G$17:$G$29)) + (SUMIF('LED wiring'!$B$17:$B$30,B9,'LED wiring'!$G$17:$G$30)) + (SUMIF('Changeable copy face'!$B$17:$B$30,B9,'Changeable copy face'!$G$17:$G$30)) + (SUMIF('Flex face assembly'!$B$17:$B$30,B9,'Flex face assembly'!$G$17:$G$30)) + (SUMIF('Routed face assembly'!$B$17:$B$30,B9,'Routed face assembly'!$G$17:$G$30)) + (SUMIF('Paint calculation'!$B$17:$B$30,B9,'Paint calculation'!$G$17:$G$30)) + (SUMIF('Trimcap letter face'!$B$17:$B$30,B9,'Trimcap letter face'!$G$17:$G$30)) + (SUMIF('Trimcap letter face (2)'!$B$17:$B$30,B9,'Trimcap letter face (2)'!$G$17:$G$30)) + (SUMIF('Channel letter fabrication'!$B$17:$B$30,B9,'Channel letter fabrication'!$G$17:$G$30)) + (SUMIF('Channel letter fabrication (2)'!$B$17:$B$30,B9,'Channel letter fabrication (2)'!$G$17:$G$30)) -> 0
A10: =[1]ODBC!$A10 -> 54" White Perf Window Graphic | B10: =[1]ODBC!B10 -> 10050 | C10: =IFERROR(VLOOKUP($B10,[1]ODBC!$B:$H,2,FALSE),"") -> 11.32 | D10: =IFERROR(VLOOKUP($B10,[1]ODBC!$B:$H,3,FALSE),"") -> 20.378 | E10: =IFERROR(VLOOKUP($B10,[1]ODBC!$B:$H,4,FALSE),"") -> LF | F10: =IFERROR(VLOOKUP($B10,[1]ODBC!$B:$H,5,FALSE),"") -> 44.45 | G10: =[1]ODBC!G10 -> 0 | H10: =SUM([1]ODBC!H10) -> 0 | I10: ='Vinyl cutting'!$B$2 -> J36938 | J10: =(SUMIF('Freeform time and material'!$B$17:$B$30,B10,'Freeform time and material'!$G$17:$G$30)) + (SUMIF('Vinyl cutting'!$B$17:$B$30,B10,'Vinyl cutting'!$G$17:$G$30)) + (SUMIF('Vinyl cutting (2)'!$B$17:$B$30,B10,'Vinyl cutting (2)'!$G$17:$G$30)) + (SUMIF('Apply vinyl graphics'!$B$17:$B$30,B10,'Apply vinyl graphics'!$G$17:$G$30)) + (SUMIF('Apply vinyl graphics (2)'!$B$17:$B$30,B10,'Apply vinyl graphics (2)'!$G$17:$G$30)) + (SUMIF('Alum pan sign'!$B$17:$B$30,B10,'Alum pan sign'!$G$17:$G$30)) + (SUMIF('Alum pan sign (2)'!$B$17:$B$30,B10,'Alum pan sign (2)'!$G$17:$G$30)) + (SUMIF('Economy pan sign'!$B$17:$B$30,B10,'Economy pan sign'!$G$17:$G$30)) + (SUMIF('Post and panel sign'!$B$17:$B$30,B10,'Post and panel sign'!$G$17:$G$30)) + (SUMIF('Post and panel sign (2)'!$B$17:$B$30,B10,'Post and panel sign (2)'!$G$17:$G$30)) + (SUMIF('Flat panels only'!$B$17:$B$30,B10,'Flat panels only'!$G$17:$G$30)) + (SUMIF('Flat panels only (2)'!$B$17:$B$30,B10,'Flat panels only (2)'!$G$17:$G$30)) + (SUMIF('Routed panel shapes'!$B$18:$B$31,B10,'Routed panel shapes'!$G$18:$G$31)) + (SUMIF('Routed panel shapes (2)'!$B$18:$B$31,B10,'Routed panel shapes (2)'!$G$18:$G$31)) + (SUMIF('Routed face only'!$B$17:$B$30,B10,'Routed face only'!$G$17:$G$30)) + (SUMIF('Routed face only (2)'!$B$17:$B$30,B10,'Routed face only (2)'!$G$17:$G$30)) + (SUMIF('Routed alum faces letters'!$B$17:$B$30,B10,'Routed alum faces letters'!$G$17:$G$30)) + (SUMIF('Routed alum faces letters (2)'!$B$17:$B$30,B10,'Routed alum faces letters (2)'!$G$17:$G$30)) + (SUMIF('Routed push through acrylic'!$B$17:$B$30,B10,'Routed push through acrylic'!$G$17:$G$30)) + (SUMIF('Routed push through acrylic (2)'!$B$17:$B$30,B10,'Routed push through acrylic (2)'!$G$17:$G$30)) + (SUMIF('Sf routed cabinet'!$B$17:$B$30,B10,'Sf routed cabinet'!$G$17:$G$30)) + (SUMIF('Sf routed cabinet (2)'!$B$17:$B$30,B10,'Sf routed cabinet (2)'!$G$17:$G$30)) + (SUMIF('Df routed cabinet'!$B$17:$B$30,B10,'Df routed cabinet'!$G$17:$G$30)) + (SUMIF('Df routed cabinet (2)'!$B$17:$B$30,B10,'Df routed cabinet (2)'!$G$17:$G$30)) + (SUMIF('Sf acrylic cabinet'!$B$17:$B$30,B10,'Sf acrylic cabinet'!$G$17:$G$30)) + (SUMIF('Sf acrylic cabinet (2)'!$B$17:$B$30,B10,'Sf acrylic cabinet (2)'!$G$17:$G$30)) + (SUMIF('Economy Sf acrylic'!$B$17:$B$30,B10,'Economy Sf acrylic'!$G$17:$G$30)) + (SUMIF('Df acrylic cabinet'!$B$17:$B$30,B10,'Df acrylic cabinet'!$G$17:$G$30)) + (SUMIF('Df acrylic cabinet (2)'!$B$17:$B$30,B10,'Df acrylic cabinet (2)'!$G$17:$G$30)) + (SUMIF('Sf flex cabinet'!$B$17:$B$30,B10,'Sf flex cabinet'!$G$17:$G$30)) + (SUMIF('Sf flex cabinet (2)'!$B$17:$B$30,B10,'Sf flex cabinet (2)'!$G$17:$G$30)) + (SUMIF('Df flex cabinet'!$B$17:$B$36,B10,'Df flex cabinet'!$G$17:$G$36)) + (SUMIF('Df flex cabinet (2)'!$B$17:$B$36,B10,'Df flex cabinet (2)'!$G$17:$G$36)) + (SUMIF('Pole cover'!$B$17:$B$30,B10,'Pole cover'!$G$17:$G$30)) + (SUMIF('Pole cover (2)'!$B$17:$B$30,B10,'Pole cover (2)'!$G$17:$G$30)) + (SUMIF('Structural Steel Fab'!$B$17:$B$29,B10,'Structural Steel Fab'!$G$17:$G$29)) + (SUMIF(Reveal!$B$17:$B$30,B10,Reveal!$G$17:$G$30)) + (SUMIF('Reveal (2)'!$B$17:$B$30,B10,'Reveal (2)'!$G$17:$G$30)) + (SUMIF('Crown cove top'!$B$17:$B$30,B10,'Crown cove top'!$G$17:$G$30)) + (SUMIF('EMC assembly'!$B$17:$B$30,B10,'EMC assembly'!$G$17:$G$30)) + (SUMIF(Crating!$B$17:$B$29,B10,Crating!$G$17:$G$29)) + (SUMIF('LED wiring'!$B$17:$B$30,B10,'LED wiring'!$G$17:$G$30)) + (SUMIF('Changeable copy face'!$B$17:$B$30,B10,'Changeable copy face'!$G$17:$G$30)) + (SUMIF('Flex face assembly'!$B$17:$B$30,B10,'Flex face assembly'!$G$17:$G$30)) + (SUMIF('Routed face assembly'!$B$17:$B$30,B10,'Routed face assembly'!$G$17:$G$30)) + (SUMIF('Paint calculation'!$B$17:$B$30,B10,'Paint calculation'!$G$17:$G$30)) + (SUMIF('Trimcap letter face'!$B$17:$B$30,B10,'Trimcap letter face'!$G$17:$G$30)) + (SUMIF('Trimcap letter face (2)'!$B$17:$B$30,B10,'Trimcap letter face (2)'!$G$17:$G$30)) + (SUMIF('Channel letter fabrication'!$B$17:$B$30,B10,'Channel letter fabrication'!$G$17:$G$30)) + (SUMIF('Channel letter fabrication (2)'!$B$17:$B$30,B10,'Channel letter fabrication (2)'!$G$17:$G$30)) -> 0
A11: =[1]ODBC!$A11 -> 6" R1 Transferrite 782 Ultra | B11: =[1]ODBC!B11 -> 12000 | C11: =IFERROR(VLOOKUP($B11,[1]ODBC!$B:$H,2,FALSE),"") -> 0.24 | D11: =IFERROR(VLOOKUP($B11,[1]ODBC!$B:$H,3,FALSE),"") -> 0.432 | E11: =IFERROR(VLOOKUP($B11,[1]ODBC!$B:$H,4,FALSE),"") -> SQFT | F11: =IFERROR(VLOOKUP($B11,[1]ODBC!$B:$H,5,FALSE),"") -> 44.45 | G11: =[1]ODBC!G11 -> 0 | H11: =SUM([1]ODBC!H11) -> 45602 | I11: ='Vinyl cutting'!$B$2 -> J36938 | J11: =(SUMIF('Freeform time and material'!$B$17:$B$30,B11,'Freeform time and material'!$G$17:$G$30)) + (SUMIF('Vinyl cutting'!$B$17:$B$30,B11,'Vinyl cutting'!$G$17:$G$30)) + (SUMIF('Vinyl cutting (2)'!$B$17:$B$30,B11,'Vinyl cutting (2)'!$G$17:$G$30)) + (SUMIF('Apply vinyl graphics'!$B$17:$B$30,B11,'Apply vinyl graphics'!$G$17:$G$30)) + (SUMIF('Apply vinyl graphics (2)'!$B$17:$B$30,B11,'Apply vinyl graphics (2)'!$G$17:$G$30)) + (SUMIF('Alum pan sign'!$B$17:$B$30,B11,'Alum pan sign'!$G$17:$G$30)) + (SUMIF('Alum pan sign (2)'!$B$17:$B$30,B11,'Alum pan sign (2)'!$G$17:$G$30)) + (SUMIF('Economy pan sign'!$B$17:$B$30,B11,'Economy pan sign'!$G$17:$G$30)) + (SUMIF('Post and panel sign'!$B$17:$B$30,B11,'Post and panel sign'!$G$17:$G$30)) + (SUMIF('Post and panel sign (2)'!$B$17:$B$30,B11,'Post and panel sign (2)'!$G$17:$G$30)) + (SUMIF('Flat panels only'!$B$17:$B$30,B11,'Flat panels only'!$G$17:$G$30)) + (SUMIF('Flat panels only (2)'!$B$17:$B$30,B11,'Flat panels only (2)'!$G$17:$G$30)) + (SUMIF('Routed panel shapes'!$B$18:$B$31,B11,'Routed panel shapes'!$G$18:$G$31)) + (SUMIF('Routed panel shapes (2)'!$B$18:$B$31,B11,'Routed panel shapes (2)'!$G$18:$G$31)) + (SUMIF('Routed face only'!$B$17:$B$30,B11,'Routed face only'!$G$17:$G$30)) + (SUMIF('Routed face only (2)'!$B$17:$B$30,B11,'Routed face only (2)'!$G$17:$G$30)) + (SUMIF('Routed alum faces letters'!$B$17:$B$30,B11,'Routed alum faces letters'!$G$17:$G$30)) + (SUMIF('Routed alum faces letters (2)'!$B$17:$B$30,B11,'Routed alum faces letters (2)'!$G$17:$G$30)) + (SUMIF('Routed push through acrylic'!$B$17:$B$30,B11,'Routed push through acrylic'!$G$17:$G$30)) + (SUMIF('Routed push through acrylic (2)'!$B$17:$B$30,B11,'Routed push through acrylic (2)'!$G$17:$G$30)) + (SUMIF('Sf routed cabinet'!$B$17:$B$30,B11,'Sf routed cabinet'!$G$17:$G$30)) + (SUMIF('Sf routed cabinet (2)'!$B$17:$B$30,B11,'Sf routed cabinet (2)'!$G$17:$G$30)) + (SUMIF('Df routed cabinet'!$B$17:$B$30,B11,'Df routed cabinet'!$G$17:$G$30)) + (SUMIF('Df routed cabinet (2)'!$B$17:$B$30,B11,'Df routed cabinet (2)'!$G$17:$G$30)) + (SUMIF('Sf acrylic cabinet'!$B$17:$B$30,B11,'Sf acrylic cabinet'!$G$17:$G$30)) + (SUMIF('Sf acrylic cabinet (2)'!$B$17:$B$30,B11,'Sf acrylic cabinet (2)'!$G$17:$G$30)) + (SUMIF('Economy Sf acrylic'!$B$17:$B$30,B11,'Economy Sf acrylic'!$G$17:$G$30)) + (SUMIF('Df acrylic cabinet'!$B$17:$B$30,B11,'Df acrylic cabinet'!$G$17:$G$30)) + (SUMIF('Df acrylic cabinet (2)'!$B$17:$B$30,B11,'Df acrylic cabinet (2)'!$G$17:$G$30)) + (SUMIF('Sf flex cabinet'!$B$17:$B$30,B11,'Sf flex cabinet'!$G$17:$G$30)) + (SUMIF('Sf flex cabinet (2)'!$B$17:$B$30,B11,'Sf flex cabinet (2)'!$G$17:$G$30)) + (SUMIF('Df flex cabinet'!$B$17:$B$36,B11,'Df flex cabinet'!$G$17:$G$36)) + (SUMIF('Df flex cabinet (2)'!$B$17:$B$36,B11,'Df flex cabinet (2)'!$G$17:$G$36)) + (SUMIF('Pole cover'!$B$17:$B$30,B11,'Pole cover'!$G$17:$G$30)) + (SUMIF('Pole cover (2)'!$B$17:$B$30,B11,'Pole cover (2)'!$G$17:$G$30)) + (SUMIF('Structural Steel Fab'!$B$17:$B$29,B11,'Structural Steel Fab'!$G$17:$G$29)) + (SUMIF(Reveal!$B$17:$B$30,B11,Reveal!$G$17:$G$30)) + (SUMIF('Reveal (2)'!$B$17:$B$30,B11,'Reveal (2)'!$G$17:$G$30)) + (SUMIF('Crown cove top'!$B$17:$B$30,B11,'Crown cove top'!$G$17:$G$30)) + (SUMIF('EMC assembly'!$B$17:$B$30,B11,'EMC assembly'!$G$17:$G$30)) + (SUMIF(Crating!$B$17:$B$29,B11,Crating!$G$17:$G$29)) + (SUMIF('LED wiring'!$B$17:$B$30,B11,'LED wiring'!$G$17:$G$30)) + (SUMIF('Changeable copy face'!$B$17:$B$30,B11,'Changeable copy face'!$G$17:$G$30)) + (SUMIF('Flex face assembly'!$B$17:$B$30,B11,'Flex face assembly'!$G$17:$G$30)) + (SUMIF('Routed face assembly'!$B$17:$B$30,B11,'Routed face assembly'!$G$17:$G$30)) + (SUMIF('Paint calculation'!$B$17:$B$30,B11,'Paint calculation'!$G$17:$G$30)) + (SUMIF('Trimcap letter face'!$B$17:$B$30,B11,'Trimcap letter face'!$G$17:$G$30)) + (SUMIF('Trimcap letter face (2)'!$B$17:$B$30,B11,'Trimcap letter face (2)'!$G$17:$G$30)) + (SUMIF('Channel letter fabrication'!$B$17:$B$30,B11,'Channel letter fabrication'!$G$17:$G$30)) + (SUMIF('Channel letter fabrication (2)'!$B$17:$B$30,B11,'Channel letter fabrication (2)'!$G$17:$G$30)) -> 0
A12: =[1]ODBC!$A12 -> 12" R1 Transferrite 782 Ultra | B12: =[1]ODBC!B12 -> 12005 | C12: =IFERROR(VLOOKUP($B12,[1]ODBC!$B:$H,2,FALSE),"") -> 0.216 | D12: =IFERROR(VLOOKUP($B12,[1]ODBC!$B:$H,3,FALSE),"") -> 0.389 | E12: =IFERROR(VLOOKUP($B12,[1]ODBC!$B:$H,4,FALSE),"") -> SQFT | F12: =IFERROR(VLOOKUP($B12,[1]ODBC!$B:$H,5,FALSE),"") -> 44.45 | G12: =[1]ODBC!G12 -> 0 | H12: =SUM([1]ODBC!H12) -> 45932 | I12: ='Vinyl cutting'!$B$2 -> J36938 | J12: =(SUMIF('Freeform time and material'!$B$17:$B$30,B12,'Freeform time and material'!$G$17:$G$30)) + (SUMIF('Vinyl cutting'!$B$17:$B$30,B12,'Vinyl cutting'!$G$17:$G$30)) + (SUMIF('Vinyl cutting (2)'!$B$17:$B$30,B12,'Vinyl cutting (2)'!$G$17:$G$30)) + (SUMIF('Apply vinyl graphics'!$B$17:$B$30,B12,'Apply vinyl graphics'!$G$17:$G$30)) + (SUMIF('Apply vinyl graphics (2)'!$B$17:$B$30,B12,'Apply vinyl graphics (2)'!$G$17:$G$30)) + (SUMIF('Alum pan sign'!$B$17:$B$30,B12,'Alum pan sign'!$G$17:$G$30)) + (SUMIF('Alum pan sign (2)'!$B$17:$B$30,B12,'Alum pan sign (2)'!$G$17:$G$30)) + (SUMIF('Economy pan sign'!$B$17:$B$30,B12,'Economy pan sign'!$G$17:$G$30)) + (SUMIF('Post and panel sign'!$B$17:$B$30,B12,'Post and panel sign'!$G$17:$G$30)) + (SUMIF('Post and panel sign (2)'!$B$17:$B$30,B12,'Post and panel sign (2)'!$G$17:$G$30)) + (SUMIF('Flat panels only'!$B$17:$B$30,B12,'Flat panels only'!$G$17:$G$30)) + (SUMIF('Flat panels only (2)'!$B$17:$B$30,B12,'Flat panels only (2)'!$G$17:$G$30)) + (SUMIF('Routed panel shapes'!$B$18:$B$31,B12,'Routed panel shapes'!$G$18:$G$31)) + (SUMIF('Routed panel shapes (2)'!$B$18:$B$31,B12,'Routed panel shapes (2)'!$G$18:$G$31)) + (SUMIF('Routed face only'!$B$17:$B$30,B12,'Routed face only'!$G$17:$G$30)) + (SUMIF('Routed face only (2)'!$B$17:$B$30,B12,'Routed face only (2)'!$G$17:$G$30)) + (SUMIF('Routed alum faces letters'!$B$17:$B$30,B12,'Routed alum faces letters'!$G$17:$G$30)) + (SUMIF('Routed alum faces letters (2)'!$B$17:$B$30,B12,'Routed alum faces letters (2)'!$G$17:$G$30)) + (SUMIF('Routed push through acrylic'!$B$17:$B$30,B12,'Routed push through acrylic'!$G$17:$G$30)) + (SUMIF('Routed push through acrylic (2)'!$B$17:$B$30,B12,'Routed push through acrylic (2)'!$G$17:$G$30)) + (SUMIF('Sf routed cabinet'!$B$17:$B$30,B12,'Sf routed cabinet'!$G$17:$G$30)) + (SUMIF('Sf routed cabinet (2)'!$B$17:$B$30,B12,'Sf routed cabinet (2)'!$G$17:$G$30)) + (SUMIF('Df routed cabinet'!$B$17:$B$30,B12,'Df routed cabinet'!$G$17:$G$30)) + (SUMIF('Df routed cabinet (2)'!$B$17:$B$30,B12,'Df routed cabinet (2)'!$G$17:$G$30)) + (SUMIF('Sf acrylic cabinet'!$B$17:$B$30,B12,'Sf acrylic cabinet'!$G$17:$G$30)) + (SUMIF('Sf acrylic cabinet (2)'!$B$17:$B$30,B12,'Sf acrylic cabinet (2)'!$G$17:$G$30)) + (SUMIF('Economy Sf acrylic'!$B$17:$B$30,B12,'Economy Sf acrylic'!$G$17:$G$30)) + (SUMIF('Df acrylic cabinet'!$B$17:$B$30,B12,'Df acrylic cabinet'!$G$17:$G$30)) + (SUMIF('Df acrylic cabinet (2)'!$B$17:$B$30,B12,'Df acrylic cabinet (2)'!$G$17:$G$30)) + (SUMIF('Sf flex cabinet'!$B$17:$B$30,B12,'Sf flex cabinet'!$G$17:$G$30)) + (SUMIF('Sf flex cabinet (2)'!$B$17:$B$30,B12,'Sf flex cabinet (2)'!$G$17:$G$30)) + (SUMIF('Df flex cabinet'!$B$17:$B$36,B12,'Df flex cabinet'!$G$17:$G$36)) + (SUMIF('Df flex cabinet (2)'!$B$17:$B$36,B12,'Df flex cabinet (2)'!$G$17:$G$36)) + (SUMIF('Pole cover'!$B$17:$B$30,B12,'Pole cover'!$G$17:$G$30)) + (SUMIF('Pole cover (2)'!$B$17:$B$30,B12,'Pole cover (2)'!$G$17:$G$30)) + (SUMIF('Structural Steel Fab'!$B$17:$B$29,B12,'Structural Steel Fab'!$G$17:$G$29)) + (SUMIF(Reveal!$B$17:$B$30,B12,Reveal!$G$17:$G$30)) + (SUMIF('Reveal (2)'!$B$17:$B$30,B12,'Reveal (2)'!$G$17:$G$30)) + (SUMIF('Crown cove top'!$B$17:$B$30,B12,'Crown cove top'!$G$17:$G$30)) + (SUMIF('EMC assembly'!$B$17:$B$30,B12,'EMC assembly'!$G$17:$G$30)) + (SUMIF(Crating!$B$17:$B$29,B12,Crating!$G$17:$G$29)) + (SUMIF('LED wiring'!$B$17:$B$30,B12,'LED wiring'!$G$17:$G$30)) + (SUMIF('Changeable copy face'!$B$17:$B$30,B12,'Changeable copy face'!$G$17:$G$30)) + (SUMIF('Flex face assembly'!$B$17:$B$30,B12,'Flex face assembly'!$G$17:$G$30)) + (SUMIF('Routed face assembly'!$B$17:$B$30,B12,'Routed face assembly'!$G$17:$G$30)) + (SUMIF('Paint calculation'!$B$17:$B$30,B12,'Paint calculation'!$G$17:$G$30)) + (SUMIF('Trimcap letter face'!$B$17:$B$30,B12,'Trimcap letter face'!$G$17:$G$30)) + (SUMIF('Trimcap letter face (2)'!$B$17:$B$30,B12,'Trimcap letter face (2)'!$G$17:$G$30)) + (SUMIF('Channel letter fabrication'!$B$17:$B$30,B12,'Channel letter fabrication'!$G$17:$G$30)) + (SUMIF('Channel letter fabrication (2)'!$B$17:$B$30,B12,'Channel letter fabrication (2)'!$G$17:$G$30)) -> 0
A13: =[1]ODBC!$A13 -> 12" High Tac App Tape 792U | B13: =[1]ODBC!B13 -> 12006 | C13: =IFERROR(VLOOKUP($B13,[1]ODBC!$B:$H,2,FALSE),"") -> 0.195 | D13: =IFERROR(VLOOKUP($B13,[1]ODBC!$B:$H,3,FALSE),"") -> 0.351 | E13: =IFERROR(VLOOKUP($B13,[1]ODBC!$B:$H,4,FALSE),"") -> SQFT | F13: =IFERROR(VLOOKUP($B13,[1]ODBC!$B:$H,5,FALSE),"") -> 44.45 | G13: =[1]ODBC!G13 -> 0 | H13: =SUM([1]ODBC!H13) -> 45488 | I13: ='Vinyl cutting'!$B$2 -> J36938 | J13: =(SUMIF('Freeform time and material'!$B$17:$B$30,B13,'Freeform time and material'!$G$17:$G$30)) + (SUMIF('Vinyl cutting'!$B$17:$B$30,B13,'Vinyl cutting'!$G$17:$G$30)) + (SUMIF('Vinyl cutting (2)'!$B$17:$B$30,B13,'Vinyl cutting (2)'!$G$17:$G$30)) + (SUMIF('Apply vinyl graphics'!$B$17:$B$30,B13,'Apply vinyl graphics'!$G$17:$G$30)) + (SUMIF('Apply vinyl graphics (2)'!$B$17:$B$30,B13,'Apply vinyl graphics (2)'!$G$17:$G$30)) + (SUMIF('Alum pan sign'!$B$17:$B$30,B13,'Alum pan sign'!$G$17:$G$30)) + (SUMIF('Alum pan sign (2)'!$B$17:$B$30,B13,'Alum pan sign (2)'!$G$17:$G$30)) + (SUMIF('Economy pan sign'!$B$17:$B$30,B13,'Economy pan sign'!$G$17:$G$30)) + (SUMIF('Post and panel sign'!$B$17:$B$30,B13,'Post and panel sign'!$G$17:$G$30)) + (SUMIF('Post and panel sign (2)'!$B$17:$B$30,B13,'Post and panel sign (2)'!$G$17:$G$30)) + (SUMIF('Flat panels only'!$B$17:$B$30,B13,'Flat panels only'!$G$17:$G$30)) + (SUMIF('Flat panels only (2)'!$B$17:$B$30,B13,'Flat panels only (2)'!$G$17:$G$30)) + (SUMIF('Routed panel shapes'!$B$18:$B$31,B13,'Routed panel shapes'!$G$18:$G$31)) + (SUMIF('Routed panel shapes (2)'!$B$18:$B$31,B13,'Routed panel shapes (2)'!$G$18:$G$31)) + (SUMIF('Routed face only'!$B$17:$B$30,B13,'Routed face only'!$G$17:$G$30)) + (SUMIF('Routed face only (2)'!$B$17:$B$30,B13,'Routed face only (2)'!$G$17:$G$30)) + (SUMIF('Routed alum faces letters'!$B$17:$B$30,B13,'Routed alum faces letters'!$G$17:$G$30)) + (SUMIF('Routed alum faces letters (2)'!$B$17:$B$30,B13,'Routed alum faces letters (2)'!$G$17:$G$30)) + (SUMIF('Routed push through acrylic'!$B$17:$B$30,B13,'Routed push through acrylic'!$G$17:$G$30)) + (SUMIF('Routed push through acrylic (2)'!$B$17:$B$30,B13,'Routed push through acrylic (2)'!$G$17:$G$30)) + (SUMIF('Sf routed cabinet'!$B$17:$B$30,B13,'Sf routed cabinet'!$G$17:$G$30)) + (SUMIF('Sf routed cabinet (2)'!$B$17:$B$30,B13,'Sf routed cabinet (2)'!$G$17:$G$30)) + (SUMIF('Df routed cabinet'!$B$17:$B$30,B13,'Df routed cabinet'!$G$17:$G$30)) + (SUMIF('Df routed cabinet (2)'!$B$17:$B$30,B13,'Df routed cabinet (2)'!$G$17:$G$30)) + (SUMIF('Sf acrylic cabinet'!$B$17:$B$30,B13,'Sf acrylic cabinet'!$G$17:$G$30)) + (SUMIF('Sf acrylic cabinet (2)'!$B$17:$B$30,B13,'Sf acrylic cabinet (2)'!$G$17:$G$30)) + (SUMIF('Economy Sf acrylic'!$B$17:$B$30,B13,'Economy Sf acrylic'!$G$17:$G$30)) + (SUMIF('Df acrylic cabinet'!$B$17:$B$30,B13,'Df acrylic cabinet'!$G$17:$G$30)) + (SUMIF('Df acrylic cabinet (2)'!$B$17:$B$30,B13,'Df acrylic cabinet (2)'!$G$17:$G$30)) + (SUMIF('Sf flex cabinet'!$B$17:$B$30,B13,'Sf flex cabinet'!$G$17:$G$30)) + (SUMIF('Sf flex cabinet (2)'!$B$17:$B$30,B13,'Sf flex cabinet (2)'!$G$17:$G$30)) + (SUMIF('Df flex cabinet'!$B$17:$B$36,B13,'Df flex cabinet'!$G$17:$G$36)) + (SUMIF('Df flex cabinet (2)'!$B$17:$B$36,B13,'Df flex cabinet (2)'!$G$17:$G$36)) + (SUMIF('Pole cover'!$B$17:$B$30,B13,'Pole cover'!$G$17:$G$30)) + (SUMIF('Pole cover (2)'!$B$17:$B$30,B13,'Pole cover (2)'!$G$17:$G$30)) + (SUMIF('Structural Steel Fab'!$B$17:$B$29,B13,'Structural Steel Fab'!$G$17:$G$29)) + (SUMIF(Reveal!$B$17:$B$30,B13,Reveal!$G$17:$G$30)) + (SUMIF('Reveal (2)'!$B$17:$B$30,B13,'Reveal (2)'!$G$17:$G$30)) + (SUMIF('Crown cove top'!$B$17:$B$30,B13,'Crown cove top'!$G$17:$G$30)) + (SUMIF('EMC assembly'!$B$17:$B$30,B13,'EMC assembly'!$G$17:$G$30)) + (SUMIF(Crating!$B$17:$B$29,B13,Crating!$G$17:$G$29)) + (SUMIF('LED wiring'!$B$17:$B$30,B13,'LED wiring'!$G$17:$G$30)) + (SUMIF('Changeable copy face'!$B$17:$B$30,B13,'Changeable copy face'!$G$17:$G$30)) + (SUMIF('Flex face assembly'!$B$17:$B$30,B13,'Flex face assembly'!$G$17:$G$30)) + (SUMIF('Routed face assembly'!$B$17:$B$30,B13,'Routed face assembly'!$G$17:$G$30)) + (SUMIF('Paint calculation'!$B$17:$B$30,B13,'Paint calculation'!$G$17:$G$30)) + (SUMIF('Trimcap letter face'!$B$17:$B$30,B13,'Trimcap letter face'!$G$17:$G$30)) + (SUMIF('Trimcap letter face (2)'!$B$17:$B$30,B13,'Trimcap letter face (2)'!$G$17:$G$30)) + (SUMIF('Channel letter fabrication'!$B$17:$B$30,B13,'Channel letter fabrication'!$G$17:$G$30)) + (SUMIF('Channel letter fabrication (2)'!$B$17:$B$30,B13,'Channel letter fabrication (2)'!$G$17:$G$30)) -> 0
A14: =[1]ODBC!$A14 -> 16" R1 Transferrite 782 Ultra | B14: =[1]ODBC!B14 -> 12010 | C14: =IFERROR(VLOOKUP($B14,[1]ODBC!$B:$H,2,FALSE),"") -> 0.161 | D14: =IFERROR(VLOOKUP($B14,[1]ODBC!$B:$H,3,FALSE),"") -> 0.29 | E14: =IFERROR(VLOOKUP($B14,[1]ODBC!$B:$H,4,FALSE),"") -> SQFT | F14: =IFERROR(VLOOKUP($B14,[1]ODBC!$B:$H,5,FALSE),"") -> 44.45 | G14: =[1]ODBC!G14 -> 0 | H14: =SUM([1]ODBC!H14) -> 0 | I14: ='Vinyl cutting'!$B$2 -> J36938 | J14: =(SUMIF('Freeform time and material'!$B$17:$B$30,B14,'Freeform time and material'!$G$17:$G$30)) + (SUMIF('Vinyl cutting'!$B$17:$B$30,B14,'Vinyl cutting'!$G$17:$G$30)) + (SUMIF('Vinyl cutting (2)'!$B$17:$B$30,B14,'Vinyl cutting (2)'!$G$17:$G$30)) + (SUMIF('Apply vinyl graphics'!$B$17:$B$30,B14,'Apply vinyl graphics'!$G$17:$G$30)) + (SUMIF('Apply vinyl graphics (2)'!$B$17:$B$30,B14,'Apply vinyl graphics (2)'!$G$17:$G$30)) + (SUMIF('Alum pan sign'!$B$17:$B$30,B14,'Alum pan sign'!$G$17:$G$30)) + (SUMIF('Alum pan sign (2)'!$B$17:$B$30,B14,'Alum pan sign (2)'!$G$17:$G$30)) + (SUMIF('Economy pan sign'!$B$17:$B$30,B14,'Economy pan sign'!$G$17:$G$30)) + (SUMIF('Post and panel sign'!$B$17:$B$30,B14,'Post and panel sign'!$G$17:$G$30)) + (SUMIF('Post and panel sign (2)'!$B$17:$B$30,B14,'Post and panel sign (2)'!$G$17:$G$30)) + (SUMIF('Flat panels only'!$B$17:$B$30,B14,'Flat panels only'!$G$17:$G$30)) + (SUMIF('Flat panels only (2)'!$B$17:$B$30,B14,'Flat panels only (2)'!$G$17:$G$30)) + (SUMIF('Routed panel shapes'!$B$18:$B$31,B14,'Routed panel shapes'!$G$18:$G$31)) + (SUMIF('Routed panel shapes (2)'!$B$18:$B$31,B14,'Routed panel shapes (2)'!$G$18:$G$31)) + (SUMIF('Routed face only'!$B$17:$B$30,B14,'Routed face only'!$G$17:$G$30)) + (SUMIF('Routed face only (2)'!$B$17:$B$30,B14,'Routed face only (2)'!$G$17:$G$30)) + (SUMIF('Routed alum faces letters'!$B$17:$B$30,B14,'Routed alum faces letters'!$G$17:$G$30)) + (SUMIF('Routed alum faces letters (2)'!$B$17:$B$30,B14,'Routed alum faces letters (2)'!$G$17:$G$30)) + (SUMIF('Routed push through acrylic'!$B$17:$B$30,B14,'Routed push through acrylic'!$G$17:$G$30)) + (SUMIF('Routed push through acrylic (2)'!$B$17:$B$30,B14,'Routed push through acrylic (2)'!$G$17:$G$30)) + (SUMIF('Sf routed cabinet'!$B$17:$B$30,B14,'Sf routed cabinet'!$G$17:$G$30)) + (SUMIF('Sf routed cabinet (2)'!$B$17:$B$30,B14,'Sf routed cabinet (2)'!$G$17:$G$30)) + (SUMIF('Df routed cabinet'!$B$17:$B$30,B14,'Df routed cabinet'!$G$17:$G$30)) + (SUMIF('Df routed cabinet (2)'!$B$17:$B$30,B14,'Df routed cabinet (2)'!$G$17:$G$30)) + (SUMIF('Sf acrylic cabinet'!$B$17:$B$30,B14,'Sf acrylic cabinet'!$G$17:$G$30)) + (SUMIF('Sf acrylic cabinet (2)'!$B$17:$B$30,B14,'Sf acrylic cabinet (2)'!$G$17:$G$30)) + (SUMIF('Economy Sf acrylic'!$B$17:$B$30,B14,'Economy Sf acrylic'!$G$17:$G$30)) + (SUMIF('Df acrylic cabinet'!$B$17:$B$30,B14,'Df acrylic cabinet'!$G$17:$G$30)) + (SUMIF('Df acrylic cabinet (2)'!$B$17:$B$30,B14,'Df acrylic cabinet (2)'!$G$17:$G$30)) + (SUMIF('Sf flex cabinet'!$B$17:$B$30,B14,'Sf flex cabinet'!$G$17:$G$30)) + (SUMIF('Sf flex cabinet (2)'!$B$17:$B$30,B14,'Sf flex cabinet (2)'!$G$17:$G$30)) + (SUMIF('Df flex cabinet'!$B$17:$B$36,B14,'Df flex cabinet'!$G$17:$G$36)) + (SUMIF('Df flex cabinet (2)'!$B$17:$B$36,B14,'Df flex cabinet (2)'!$G$17:$G$36)) + (SUMIF('Pole cover'!$B$17:$B$30,B14,'Pole cover'!$G$17:$G$30)) + (SUMIF('Pole cover (2)'!$B$17:$B$30,B14,'Pole cover (2)'!$G$17:$G$30)) + (SUMIF('Structural Steel Fab'!$B$17:$B$29,B14,'Structural Steel Fab'!$G$17:$G$29)) + (SUMIF(Reveal!$B$17:$B$30,B14,Reveal!$G$17:$G$30)) + (SUMIF('Reveal (2)'!$B$17:$B$30,B14,'Reveal (2)'!$G$17:$G$30)) + (SUMIF('Crown cove top'!$B$17:$B$30,B14,'Crown cove top'!$G$17:$G$30)) + (SUMIF('EMC assembly'!$B$17:$B$30,B14,'EMC assembly'!$G$17:$G$30)) + (SUMIF(Crating!$B$17:$B$29,B14,Crating!$G$17:$G$29)) + (SUMIF('LED wiring'!$B$17:$B$30,B14,'LED wiring'!$G$17:$G$30)) + (SUMIF('Changeable copy face'!$B$17:$B$30,B14,'Changeable copy face'!$G$17:$G$30)) + (SUMIF('Flex face assembly'!$B$17:$B$30,B14,'Flex face assembly'!$G$17:$G$30)) + (SUMIF('Routed face assembly'!$B$17:$B$30,B14,'Routed face assembly'!$G$17:$G$30)) + (SUMIF('Paint calculation'!$B$17:$B$30,B14,'Paint calculation'!$G$17:$G$30)) + (SUMIF('Trimcap letter face'!$B$17:$B$30,B14,'Trimcap letter face'!$G$17:$G$30)) + (SUMIF('Trimcap letter face (2)'!$B$17:$B$30,B14,'Trimcap letter face (2)'!$G$17:$G$30)) + (SUMIF('Channel letter fabrication'!$B$17:$B$30,B14,'Channel letter fabrication'!$G$17:$G$30)) + (SUMIF('Channel letter fabrication (2)'!$B$17:$B$30,B14,'Channel letter fabrication (2)'!$G$17:$G$30)) -> 0
... A2002: =[1]ODBC!$A2002 -> 0 | B2002: =[1]ODBC!B2002 -> 0 | C2002: =IFERROR(VLOOKUP($B2002,[1]ODBC!$B:$H,2,FALSE),"") | D2002: =IFERROR(VLOOKUP($B2002,[1]ODBC!$B:$H,3,FALSE),"") | E2002: =IFERROR(VLOOKUP($B2002,[1]ODBC!$B:$H,4,FALSE),"") | F2002: =IFERROR(VLOOKUP($B2002,[1]ODBC!$B:$H,5,FALSE),"") | G2002: =[1]ODBC!G2002 -> 0 | H2002: =SUM([1]ODBC!H2002) -> 0 | I2002: ='Vinyl cutting'!$B$2 -> J36938 | J2002: =(SUMIF('Freeform time and material'!$B$17:$B$30,B2002,'Freeform time and material'!$G$17:$G$30)) + (SUMIF('Vinyl cutting'!$B$17:$B$30,B2002,'Vinyl cutting'!$G$17:$G$30)) + (SUMIF('Vinyl cutting (2)'!$B$17:$B$30,B2002,'Vinyl cutting (2)'!$G$17:$G$30)) + (SUMIF('Apply vinyl graphics'!$B$17:$B$30,B2002,'Apply vinyl graphics'!$G$17:$G$30)) + (SUMIF('Apply vinyl graphics (2)'!$B$17:$B$30,B2002,'Apply vinyl graphics (2)'!$G$17:$G$30)) + (SUMIF('Alum pan sign'!$B$17:$B$30,B2002,'Alum pan sign'!$G$17:$G$30)) + (SUMIF('Alum pan sign (2)'!$B$17:$B$30,B2002,'Alum pan sign (2)'!$G$17:$G$30)) + (SUMIF('Economy pan sign'!$B$17:$B$30,B2002,'Economy pan sign'!$G$17:$G$30)) + (SUMIF('Post and panel sign'!$B$17:$B$30,B2002,'Post and panel sign'!$G$17:$G$30)) + (SUMIF('Post and panel sign (2)'!$B$17:$B$30,B2002,'Post and panel sign (2)'!$G$17:$G$30)) + (SUMIF('Flat panels only'!$B$17:$B$30,B2002,'Flat panels only'!$G$17:$G$30)) + (SUMIF('Flat panels only (2)'!$B$17:$B$30,B2002,'Flat panels only (2)'!$G$17:$G$30)) + (SUMIF('Routed panel shapes'!$B$18:$B$31,B2002,'Routed panel shapes'!$G$18:$G$31)) + (SUMIF('Routed panel shapes (2)'!$B$18:$B$31,B2002,'Routed panel shapes (2)'!$G$18:$G$31)) + (SUMIF('Routed face only'!$B$17:$B$30,B2002,'Routed face only'!$G$17:$G$30)) + (SUMIF('Routed face only (2)'!$B$17:$B$30,B2002,'Routed face only (2)'!$G$17:$G$30)) + (SUMIF('Routed alum faces letters'!$B$17:$B$30,B2002,'Routed alum faces letters'!$G$17:$G$30)) + (SUMIF('Routed alum faces letters (2)'!$B$17:$B$30,B2002,'Routed alum faces letters (2)'!$G$17:$G$30)) + (SUMIF('Routed push through acrylic'!$B$17:$B$30,B2002,'Routed push through acrylic'!$G$17:$G$30)) + (SUMIF('Routed push through acrylic (2)'!$B$17:$B$30,B2002,'Routed push through acrylic (2)'!$G$17:$G$30)) + (SUMIF('Sf routed cabinet'!$B$17:$B$30,B2002,'Sf routed cabinet'!$G$17:$G$30)) + (SUMIF('Sf routed cabinet (2)'!$B$17:$B$30,B2002,'Sf routed cabinet (2)'!$G$17:$G$30)) + (SUMIF('Df routed cabinet'!$B$17:$B$30,B2002,'Df routed cabinet'!$G$17:$G$30)) + (SUMIF('Df routed cabinet (2)'!$B$17:$B$30,B2002,'Df routed cabinet (2)'!$G$17:$G$30)) + (SUMIF('Sf acrylic cabinet'!$B$17:$B$30,B2002,'Sf acrylic cabinet'!$G$17:$G$30)) + (SUMIF('Sf acrylic cabinet (2)'!$B$17:$B$30,B2002,'Sf acrylic cabinet (2)'!$G$17:$G$30)) + (SUMIF('Economy Sf acrylic'!$B$17:$B$30,B2002,'Economy Sf acrylic'!$G$17:$G$30)) + (SUMIF('Df acrylic cabinet'!$B$17:$B$30,B2002,'Df acrylic cabinet'!$G$17:$G$30)) + (SUMIF('Df acrylic cabinet (2)'!$B$17:$B$30,B2002,'Df acrylic cabinet (2)'!$G$17:$G$30)) + (SUMIF('Sf flex cabinet'!$B$17:$B$30,B2002,'Sf flex cabinet'!$G$17:$G$30)) + (SUMIF('Sf flex cabinet (2)'!$B$17:$B$30,B2002,'Sf flex cabinet (2)'!$G$17:$G$30)) + (SUMIF('Df flex cabinet'!$B$17:$B$36,B2002,'Df flex cabinet'!$G$17:$G$36)) + (SUMIF('Df flex cabinet (2)'!$B$17:$B$36,B2002,'Df flex cabinet (2)'!$G$17:$G$36)) + (SUMIF('Pole cover'!$B$17:$B$30,B2002,'Pole cover'!$G$17:$G$30)) + (SUMIF('Pole cover (2)'!$B$17:$B$30,B2002,'Pole cover (2)'!$G$17:$G$30)) + (SUMIF('Structural Steel Fab'!$B$17:$B$29,B2002,'Structural Steel Fab'!$G$17:$G$29)) + (SUMIF(Reveal!$B$17:$B$30,B2002,Reveal!$G$17:$G$30)) + (SUMIF('Reveal (2)'!$B$17:$B$30,B2002,'Reveal (2)'!$G$17:$G$30)) + (SUMIF('Crown cove top'!$B$17:$B$30,B2002,'Crown cove top'!$G$17:$G$30)) + (SUMIF('EMC assembly'!$B$17:$B$30,B2002,'EMC assembly'!$G$17:$G$30)) + (SUMIF(Crating!$B$17:$B$29,B2002,Crating!$G$17:$G$29)) + (SUMIF('LED wiring'!$B$17:$B$30,B2002,'LED wiring'!$G$17:$G$30)) + (SUMIF('Changeable copy face'!$B$17:$B$30,B2002,'Changeable copy face'!$G$17:$G$30)) + (SUMIF('Flex face assembly'!$B$17:$B$30,B2002,'Flex face assembly'!$G$17:$G$30)) + (SUMIF('Routed face assembly'!$B$17:$B$30,B2002,'Routed face assembly'!$G$17:$G$30)) + (SUMIF('Paint calculation'!$B$17:$B$30,B2002,'Paint calculation'!$G$17:$G$30)) + (SUMIF('Trimcap letter face'!$B$17:$B$30,B2002,'Trimcap letter face'!$G$17:$G$30)) + (SUMIF('Trimcap letter face (2)'!$B$17:$B$30,B2002,'Trimcap letter face (2)'!$G$17:$G$30)) + (SUMIF('Channel letter fabrication'!$B$17:$B$30,B2002,'Channel letter fabrication'!$G$17:$G$30)) + (SUMIF('Channel letter fabrication (2)'!$B$17:$B$30,B2002,'Channel letter fabrication (2)'!$G$17:$G$30)) -> 0

Sheet BCI
A1: Job Number | B1: Job Task Number | C1: Item Number | D1: Item Description | E1: Unit Cost | F1: Profit % | G1: Unit Price | H1: Quantity
A3: =Inv!I3 -> J36938 | B3: 3030 | C3: =Inv!B3 -> 0 | D3: =Inv!A3 -> SHOP SUPPLIES | E3: =VLOOKUP($C3,Inv!$B$3:$J$2003,2,FALSE) -> 1 | F3: =VLOOKUP($C3,Inv!$B$3:$J$2003,5,FALSE) -> 0 | G3: =VLOOKUP($C3,Inv!$B$3:$J$2003,3,FALSE) -> 1 | H3: =VLOOKUP($C3,Inv!$B$3:$J$2003,9,FALSE) -> 0
A4: =Inv!I4 -> J36938 | B4: 3030 | C4: =Inv!B4 -> 10000 | D4: =Inv!A4 -> 54" 3M IJ180-CV3 Controltac White Opaque | E4: =VLOOKUP($C4,Inv!$B$3:$J$2003,2,FALSE) -> 5.381 | F4: =VLOOKUP($C4,Inv!$B$3:$J$2003,5,FALSE) -> 44.45 | G4: =VLOOKUP($C4,Inv!$B$3:$J$2003,3,FALSE) -> 9.687 | H4: =VLOOKUP($C4,Inv!$B$3:$J$2003,9,FALSE) -> 0
A5: =Inv!I5 -> J36938 | B5: 3030 | C5: =Inv!B5 -> 10001 | D5: =Inv!A5 -> 60" 3M IJ180-CV3 Controltac White Opaque | E5: =VLOOKUP($C5,Inv!$B$3:$J$2003,2,FALSE) -> 5.809 | F5: =VLOOKUP($C5,Inv!$B$3:$J$2003,5,FALSE) -> 44.45 | G5: =VLOOKUP($C5,Inv!$B$3:$J$2003,3,FALSE) -> 10.457 | H5: =VLOOKUP($C5,Inv!$B$3:$J$2003,9,FALSE) -> 0
A6: =Inv!I6 -> J36938 | B6: 3030 | C6: =Inv!B6 -> 10015 | D6: =Inv!A6 -> 54" 3M 3650-114 Clear Transparent | E6: =VLOOKUP($C6,Inv!$B$3:$J$2003,2,FALSE) -> 5.77 | F6: =VLOOKUP($C6,Inv!$B$3:$J$2003,5,FALSE) -> 44.45 | G6: =VLOOKUP($C6,Inv!$B$3:$J$2003,3,FALSE) -> 10.387 | H6: =VLOOKUP($C6,Inv!$B$3:$J$2003,9,FALSE) -> 0
A7: =Inv!I7 -> J36938 | B7: 3030 | C7: =Inv!B7 -> 10018 | D7: =Inv!A7 -> 54" IJ36-20 Low Tac Print Media | E7: =VLOOKUP($C7,Inv!$B$3:$J$2003,2,FALSE) -> 1.37 | F7: =VLOOKUP($C7,Inv!$B$3:$J$2003,5,FALSE) -> 44.45 | G7: =VLOOKUP($C7,Inv!$B$3:$J$2003,3,FALSE) -> 2.466 | H7: =VLOOKUP($C7,Inv!$B$3:$J$2003,9,FALSE) -> 0
A8: =Inv!I8 -> J36938 | B8: 3030 | C8: =Inv!B8 -> 10021 | D8: =Inv!A8 -> 54" IJ3730-50 White Translucent | E8: =VLOOKUP($C8,Inv!$B$3:$J$2003,2,FALSE) -> 8.352 | F8: =VLOOKUP($C8,Inv!$B$3:$J$2003,5,FALSE) -> 44.45 | G8: =VLOOKUP($C8,Inv!$B$3:$J$2003,3,FALSE) -> 15.035 | H8: =VLOOKUP($C8,Inv!$B$3:$J$2003,9,FALSE) -> 0
A9: =Inv!I9 -> J36938 | B9: 3030 | C9: =Inv!B9 -> 10026 | D9: =Inv!A9 -> 63"x 50yd Cooly 13oz Gl Banner | E9: =VLOOKUP($C9,Inv!$B$3:$J$2003,2,FALSE) -> 1.091 | F9: =VLOOKUP($C9,Inv!$B$3:$J$2003,5,FALSE) -> 44.45 | G9: =VLOOKUP($C9,Inv!$B$3:$J$2003,3,FALSE) -> 1.964 | H9: =VLOOKUP($C9,Inv!$B$3:$J$2003,9,FALSE) -> 0
A10: =Inv!I10 -> J36938 | B10: 3030 | C10: =Inv!B10 -> 10050 | D10: =Inv!A10 -> 54" White Perf Window Graphic | E10: =VLOOKUP($C10,Inv!$B$3:$J$2003,2,FALSE) -> 11.32 | F10: =VLOOKUP($C10,Inv!$B$3:$J$2003,5,FALSE) -> 44.45 | G10: =VLOOKUP($C10,Inv!$B$3:$J$2003,3,FALSE) -> 20.378 | H10: =VLOOKUP($C10,Inv!$B$3:$J$2003,9,FALSE) -> 0
A11: =Inv!I11 -> J36938 | B11: 3030 | C11: =Inv!B11 -> 12000 | D11: =Inv!A11 -> 6" R1 Transferrite 782 Ultra | E11: =VLOOKUP($C11,Inv!$B$3:$J$2003,2,FALSE) -> 0.24 | F11: =VLOOKUP($C11,Inv!$B$3:$J$2003,5,FALSE) -> 44.45 | G11: =VLOOKUP($C11,Inv!$B$3:$J$2003,3,FALSE) -> 0.432 | H11: =VLOOKUP($C11,Inv!$B$3:$J$2003,9,FALSE) -> 0
A12: =Inv!I12 -> J36938 | B12: 3030 | C12: =Inv!B12 -> 12005 | D12: =Inv!A12 -> 12" R1 Transferrite 782 Ultra | E12: =VLOOKUP($C12,Inv!$B$3:$J$2003,2,FALSE) -> 0.216 | F12: =VLOOKUP($C12,Inv!$B$3:$J$2003,5,FALSE) -> 44.45 | G12: =VLOOKUP($C12,Inv!$B$3:$J$2003,3,FALSE) -> 0.389 | H12: =VLOOKUP($C12,Inv!$B$3:$J$2003,9,FALSE) -> 0
A13: =Inv!I13 -> J36938 | B13: 3030 | C13: =Inv!B13 -> 12006 | D13: =Inv!A13 -> 12" High Tac App Tape 792U | E13: =VLOOKUP($C13,Inv!$B$3:$J$2003,2,FALSE) -> 0.195 | F13: =VLOOKUP($C13,Inv!$B$3:$J$2003,5,FALSE) -> 44.45 | G13: =VLOOKUP($C13,Inv!$B$3:$J$2003,3,FALSE) -> 0.351 | H13: =VLOOKUP($C13,Inv!$B$3:$J$2003,9,FALSE) -> 0
A14: =Inv!I14 -> J36938 | B14: 3030 | C14: =Inv!B14 -> 12010 | D14: =Inv!A14 -> 16" R1 Transferrite 782 Ultra | E14: =VLOOKUP($C14,Inv!$B$3:$J$2003,2,FALSE) -> 0.161 | F14: =VLOOKUP($C14,Inv!$B$3:$J$2003,5,FALSE) -> 44.45 | G14: =VLOOKUP($C14,Inv!$B$3:$J$2003,3,FALSE) -> 0.29 | H14: =VLOOKUP($C14,Inv!$B$3:$J$2003,9,FALSE) -> 0
... A2002: =Inv!I2002 -> J36938 | B2002: 3030 | C2002: =Inv!B2002 -> 0 | D2002: =Inv!A2002 -> 0 | E2002: =VLOOKUP($C2002,Inv!$B$3:$J$2003,2,FALSE) | F2002: =VLOOKUP($C2002,Inv!$B$3:$J$2003,5,FALSE) | G2002: =VLOOKUP($C2002,Inv!$B$3:$J$2003,3,FALSE) | H2002: =VLOOKUP($C2002,Inv!$B$3:$J$2003,9,FALSE) -> 0

Sheet BCL
A1: Job Number | B1: Task / Resource Number | C1: Run Time
A3: =Inv!I3 -> J36938 | B3: =WC!A6 -> 2010 | C3: =SUMIF(WC!$A$6:$A$30,BCL!B3,WC!$D$6:$D$30) -> 28.25
A4: =Inv!I4 -> J36938 | B4: =WC!A7 -> 2011 | C4: =SUMIF(WC!$A$6:$A$30,BCL!B4,WC!$D$6:$D$30) -> 57.5625
A5: =Inv!I5 -> J36938 | B5: =WC!A8 -> 2014 | C5: =SUMIF(WC!$A$6:$A$30,BCL!B5,WC!$D$6:$D$30) -> 0
A6: =Inv!I6 -> J36938 | B6: =WC!A9 -> 2016 | C6: =SUMIF(WC!$A$6:$A$30,BCL!B6,WC!$D$6:$D$30) -> 4
A7: =Inv!I7 -> J36938 | B7: =WC!A10 -> 2099 | C7: =SUMIF(WC!$A$6:$A$30,BCL!B7,WC!$D$6:$D$30) -> 0
A8: =Inv!I8 -> J36938 | B8: =WC!A11 -> 2110 | C8: =SUMIF(WC!$A$6:$A$30,BCL!B8,WC!$D$6:$D$30) -> 25.5
A9: =Inv!I9 -> J36938 | B9: =WC!A12 -> 2112 | C9: =SUMIF(WC!$A$6:$A$30,BCL!B9,WC!$D$6:$D$30) -> 19.25
A10: =Inv!I10 -> J36938 | B10: =WC!A13 -> 2114 | C10: =SUMIF(WC!$A$6:$A$30,BCL!B10,WC!$D$6:$D$30) -> 0
A11: =Inv!I11 -> J36938 | B11: =WC!A14 -> 2116 | C11: =SUMIF(WC!$A$6:$A$30,BCL!B11,WC!$D$6:$D$30) -> 2.5
A12: =Inv!I12 -> J36938 | B12: =WC!A15 -> 2199 | C12: =SUMIF(WC!$A$6:$A$30,BCL!B12,WC!$D$6:$D$30) -> 0
A13: =Inv!I13 -> J36938 | B13: =WC!A16 -> 2212 | C13: =SUMIF(WC!$A$6:$A$30,BCL!B13,WC!$D$6:$D$30) -> 7.25
A14: =Inv!I14 -> J36938 | B14: =WC!A17 -> 2215 | C14: =SUMIF(WC!$A$6:$A$30,BCL!B14,WC!$D$6:$D$30) -> 18.75
... A30: =Inv!I30 -> J36938 | B30: =WC!A33 -> 0 | C30: =SUMIF(WC!$A$6:$A$30,BCL!B30,WC!$D$6:$D$30) -> 0

Sheet RateData
A1: Vinyl cut/weed/mask sqft/hour | B1: 20
A2: Vinyl application flat surface sqft/hour | B2: 32
A3: Vinyl application push through sqft/hour | B3: 15
A4: Grams of paint/sqft | B4: 100
A5: Extra paint color percentage | B5: 0.1 | E5: old rate | F5: % change | G5: new rate effective 1-1-26
A6: Cabinet paint prep sqft/hour | B6: 19 | E6: 20 | F6: 5% less | G6: =E6*0.95 -> 19
A7: Cabinet paint sqft/hour | B7: 23.75 | E7: 25 | F7: 5% less | G7: =E7*0.95 -> 23.75
A8: Pan paint prep sqft/hour | B8: 43.75 | E8: 50 | F8: 12.5% less | G8: =E8*0.875 -> 43.75
A9: Pan paint sqft/hour | B9: 28.5 | E9: 30 | F9: 5% less | G9: =E9*0.95 -> 28.5
A10: Post & panel paint prep/sqft/hour | B10: 15
A11: Post & panel paint sqft/hour | B11: 15
A12: Reveal paint prep sqft/hour | B12: 15
A13: Reveal paint sqft/hour | B13: 15
A14: Crown paint bondo & prep sqft/hour | B14: 6
A15: Crown paint sqft/hour | B15: 15
A16: Radius or angle extra labor percentage | B16: 0.25
A17: Post & panel feet of post fab feet/hour | B17: 24
A18: LED wiring sqft/hour | B18: 14.25 | E18: 15 | F18: 5% less | G18: =E18*0.95 -> 14.25
A19: Synergy 24 volt LEDs/sqft | B19: 1.3
A20: Synergy 24 volt LEDs/power supply | B20: 108
A21: Quickmod 12 volt LEDs/sqft | B21: 1.5
A22: Quickmod 12 volt LEDs/power supply | B22: 50
A23: Acrylic cut sqft/hour | B23: 72
A24: Polycarbonate cut sqft/hour | B24: 48
A25: ACM cut sqft/hour | B25: 96
A26: Prepainted aluminum cut sqft/hour | B26: 96
A27: Router setup hours | B27: 1
A28: Letter perimeter path factor | B28: 6
A29: Routed panel shape sqft/hour | B29: 50
A30: Routing aluminum inches/hour | B30: 200
... A44: Channel letter script fab inches/hour | B44: 8
A45: Channel letter paint prep sqft/hour | B45: 15 | G45: new rate effective 1-1-26
A46: Channel letter paint sqft/hour | B46: 15 | G46: old rate | H46: % change | I46: new rate
A47: pan increment 1 | B47: 0 | C47: pan rate 1 | D47: 1.9 | G47: 2 | H47: 5% less | I47: =G47*0.95 -> 1.9
A48: pan increment 2 | B48: 5 | C48: pan rate 2 | D48: 3.8 | G48: 4 | H48: 5% less | I48: =G48*0.95 -> 3.8
A49: pan increment 3 | B49: 25 | C49: pan rate 3 | D49: 6.65 | G49: 7 | H49: 5% less | I49: =G49*0.95 -> 6.65
A50: pan increment 4 | B50: 40 | C50: pan rate 4 | D50: 9.5 | G50: 10 | H50: 5% less | I50: =G50*0.95 -> 9.5
A51: pan increment 5 | B51: 50 | C51: pan rate 5 | D51: 6.65 | G51: 7 | H51: 5% less | I51: =G51*0.95 -> 6.65
A52: post & panel increment 1 | B52: 0 | C52: post & panel rate 1 | D52: 0.95 | G52: 1 | H52: 5% less | I52: =G52*0.95 -> 0.95
A53: post & panel increment 2 | B53: 4 | C53: post & panel rate 2 | D53: 1.9 | G53: 2 | H53: 5% less | I53: =G53*0.95 -> 1.9
A54: post & panel increment 3 | B54: 10 | C54: post & panel rate 3 | D54: 2.85 | G54: 3 | H54: 5% less | I54: =G54*0.95 -> 2.85
A55: post & panel increment 4 | B55: 20 | C55: post & panel rate 4 | D55: 3.8 | G55: 4 | H55: 5% less | I55: =G55*0.95 -> 3.8
A56: post & panel increment 5 | B56: 30 | C56: post & panel rate 5 | D56: 6.65 | G56: 7 | H56: 5% less | I56: =G56*0.95 -> 6.65
A57: routed cabinet increment 1 | B57: 0 | C57: routed cabinet rate 1 | D57: 0.95 | G57: 1 | H57: 5% less | I57: =G57*0.95 -> 0.95
A58: routed cabinet increment 2 | B58: 4 | C58: routed cabinet rate 2 | D58: 1.9 | G58: 2 | H58: 5% less | I58: =G58*0.95 -> 1.9
... A80: EMC assembly increment 5 | B80: 100 | C80: EMC rate 5 | D80: 9.5 | G80: 10 | H80: 5% less | I80: =G80*0.95 -> 9.5
A81: large pole cover size for face material change | B81: 50
A82: large pole cover frame multiplier | B82: 1.3
A83: large pole size for cover frame multiplier | B83: 61
A84: Ceiling Hour rounding rate for labor calulations | B84: 0.25

Sheet HEADER INFO
A1: Header Info: Enter project information on this sheet. This will copy to all sheets | H1: release date 1-1-26
A2: Project number | B2: J36938 | C2: <<< Required: Uppercase letter J as well as the project number
A3: Project name | B3: Community National Bank and Trust
A4: Estimator | B4: DD
A5: Description | B5: D/F I/I Routed push thru w/Logo cabinets, EMC frame, pole cover, reveal
A8: Total of all sheets used | B8: ='Freeform time and material'!B9+'Vinyl cutting'!B9+'Vinyl cutting (2)'!B9+'Apply vinyl graphics'!B9+'Apply vinyl graphics (2)'!B9+'Alum pan sign'!B10+'Alum pan sign (2)'!B10+'Economy pan sign'!B10+'Post and panel sign'!B12+'Post and panel sign (2)'!B12+'Flat panels only'!B10+'Flat panels only (2)'!B10+'Routed panel shapes'!B10+'Routed panel shapes (2)'!B10+'Routed face only'!B12+'Routed face only (2)'!B12+'Routed alum faces letters'!B10+'Routed alum faces letters (2)'!B10+'Routed push through acrylic'!B10+'Routed push through acrylic (2)'!B10+'Sf routed cabinet'!B12+'Sf routed cabinet (2)'!B12+'Df routed cabinet'!B12+'Df routed cabinet (2)'!B12+'Sf acrylic cabinet'!B11+'Sf acrylic cabinet (2)'!B11+'Economy Sf acrylic'!B10+'Df acrylic cabinet'!B11+'Df acrylic cabinet (2)'!B11+'Sf flex cabinet'!B10+'Sf flex cabinet (2)'!B10+'Df flex cabinet'!B13+'Df flex cabinet (2)'!B13+'Pole cover'!B10+'Pole cover (2)'!B10+'Structural Steel Fab'!B10+Reveal!B10+'Reveal (2)'!B10+'Crown cove top'!B10+'EMC assembly'!B11+Crating!B10+'LED wiring'!B9+'Changeable copy face'!B9+'Flex face assembly'!B11+'Routed face assembly'!B9+'Paint calculation'!B10+'Trimcap letter face'!B8+'Trimcap letter face (2)'!B8+'Channel letter fabrication'!B10+'Channel letter fabrication (2)'!B10 -> 30030.517 | C8: <<< Check against imported total in Project task planning lines

Sheet Freeform time and material
A1: Freeform time and material
A2: Job number | B2: ='HEADER INFO'!B2 -> J36938
A3: Job name
A6: ALL MANUAL INPUT
A9: Total sign price | B9: =SUM(I17:I44) -> 321
A14: Inventory items
A15: Choose all inventory items needed by description and manually enter Units Needed
A16: Inventory Item Description | B16: Inventory # | C16: Unit Cost | E16: Unit Price | F16: Unit Measure | G16: Units Needed | I16: Total
A17: Estimate for Custom Paint Color | B17: =IFERROR(VLOOKUP(A17,Inv!$A$3:'Inv'!$E$2002,2,FALSE),"") -> EST PAINT - CUSTOM | C17: =IFERROR(VLOOKUP(A17,Inv!$A$3:'Inv'!$E$2002,3,FALSE),"") -> 0.02856 | E17: =IFERROR(VLOOKUP(A17,Inv!$A$3:'Inv'!$E$2002,4,FALSE),"") -> 0.051 | F17: =IFERROR(VLOOKUP(A17,Inv!$A$3:'Inv'!$E$2002,5,FALSE),"") -> GM | G17: 0 | H17: =IF($B$46<>0,$B$46,"") | I17: =IFERROR(E17*G17,"") -> 0
A18: 2x2x.187 SqCrnrArcAl Ang 20' | B18: =IFERROR(VLOOKUP(A18,Inv!$A$3:'Inv'!$E$2002,2,FALSE),"") -> 20050 | C18: =IFERROR(VLOOKUP(A18,Inv!$A$3:'Inv'!$E$2002,3,FALSE),"") -> 3.444 | E18: =IFERROR(VLOOKUP(A18,Inv!$A$3:'Inv'!$E$2002,4,FALSE),"") -> 6.2 | F18: =IFERROR(VLOOKUP(A18,Inv!$A$3:'Inv'!$E$2002,5,FALSE),"") -> FT | G18: 0 | H18: =IF($B$46<>0,$B$46,"") | I18: =IFERROR(E18*G18,"") -> 0
A19: Estimate for Misc Hardware & Adhesive Materials | B19: =IFERROR(VLOOKUP(A19,Inv!$A$3:'Inv'!$E$2002,2,FALSE),"") -> EST HARDWARE-ADHESIV | C19: =IFERROR(VLOOKUP(A19,Inv!$A$3:'Inv'!$E$2002,3,FALSE),"") -> 0 | E19: =IFERROR(VLOOKUP(A19,Inv!$A$3:'Inv'!$E$2002,4,FALSE),"") -> 3 | F19: =IFERROR(VLOOKUP(A19,Inv!$A$3:'Inv'!$E$2002,5,FALSE),"") -> SQFT | G19: 10 | H19: =IF($B$46<>0,$B$46,"") | I19: =IFERROR(E19*G19,"") -> 30
B20: =IFERROR(VLOOKUP(A20,Inv!$A$3:'Inv'!$E$2002,2,FALSE),"") | C20: =IFERROR(VLOOKUP(A20,Inv!$A$3:'Inv'!$E$2002,3,FALSE),"") | E20: =IFERROR(VLOOKUP(A20,Inv!$A$3:'Inv'!$E$2002,4,FALSE),"") | F20: =IFERROR(VLOOKUP(A20,Inv!$A$3:'Inv'!$E$2002,5,FALSE),"") | H20: =IF($B$46<>0,$B$46,"") | I20: =IFERROR(E20*G20,"")
B21: =IFERROR(VLOOKUP(A21,Inv!$A$3:'Inv'!$E$2002,2,FALSE),"") | C21: =IFERROR(VLOOKUP(A21,Inv!$A$3:'Inv'!$E$2002,3,FALSE),"") | E21: =IFERROR(VLOOKUP(A21,Inv!$A$3:'Inv'!$E$2002,4,FALSE),"") | F21: =IFERROR(VLOOKUP(A21,Inv!$A$3:'Inv'!$E$2002,5,FALSE),"") | H21: =IF($B$46<>0,$B$46,"") | I21: =IFERROR(E21*G21,"")
B22: =IFERROR(VLOOKUP(A22,Inv!$A$3:'Inv'!$E$2002,2,FALSE),"") | C22: =IFERROR(VLOOKUP(A22,Inv!$A$3:'Inv'!$E$2002,3,FALSE),"") | E22: =IFERROR(VLOOKUP(A22,Inv!$A$3:'Inv'!$E$2002,4,FALSE),"") | F22: =IFERROR(VLOOKUP(A22,Inv!$A$3:'Inv'!$E$2002,5,FALSE),"") | H22: =IF($B$46<>0,$B$46,"") | I22: =IFERROR(E22*G22,"")
B23: =IFERROR(VLOOKUP(A23,Inv!$A$3:'Inv'!$E$2002,2,FALSE),"") | C23: =IFERROR(VLOOKUP(A23,Inv!$A$3:'Inv'!$E$2002,3,FALSE),"") | E23: =IFERROR(VLOOKUP(A23,Inv!$A$3:'Inv'!$E$2002,4,FALSE),"") | F23: =IFERROR(VLOOKUP(A23,Inv!$A$3:'Inv'!$E$2002,5,FALSE),"") | H23: =IF($B$46<>0,$B$46,"") | I23: =IFERROR(E23*G23,"")
B24: =IFERROR(VLOOKUP(A24,Inv!$A$3:'Inv'!$E$2002,2,FALSE),"") | C24: =IFERROR(VLOOKUP(A24,Inv!$A$3:'Inv'!$E$2002,3,FALSE),"") | E24: =IFERROR(VLOOKUP(A24,Inv!$A$3:'Inv'!$E$2002,4,FALSE),"") | F24: =IFERROR(VLOOKUP(A24,Inv!$A$3:'Inv'!$E$2002,5,FALSE),"") | H24: =IF($B$46<>0,$B$46,"") | I24: =IFERROR(E24*G24,"")
B25: =IFERROR(VLOOKUP(A25,Inv!$A$3:'Inv'!$E$2002,2,FALSE),"") | C25: =IFERROR(VLOOKUP(A25,Inv!$A$3:'Inv'!$E$2002,3,FALSE),"") | E25: =IFERROR(VLOOKUP(A25,Inv!$A$3:'Inv'!$E$2002,4,FALSE),"") | F25: =IFERROR(VLOOKUP(A25,Inv!$A$3:'Inv'!$E$2002,5,FALSE),"") | H25: =IF($B$46<>0,$B$46,"") | I25: =IFERROR(E25*G25,"")
B26: =IFERROR(VLOOKUP(A26,Inv!$A$3:'Inv'!$E$2002,2,FALSE),"") | C26: =IFERROR(VLOOKUP(A26,Inv!$A$3:'Inv'!$E$2002,3,FALSE),"") | E26: =IFERROR(VLOOKUP(A26,Inv!$A$3:'Inv'!$E$2002,4,FALSE),"") | F26: =IFERROR(VLOOKUP(A26,Inv!$A$3:'Inv'!$E$2002,5,FALSE),"") | H26: =IF($B$46<>0,$B$46,"") | I26: =IFERROR(E26*G26,"")
B27: =IFERROR(VLOOKUP(A27,Inv!$A$3:'Inv'!$E$2002,2,FALSE),"") | C27: =IFERROR(VLOOKUP(A27,Inv!$A$3:'Inv'!$E$2002,3,FALSE),"") | E27: =IFERROR(VLOOKUP(A27,Inv!$A$3:'Inv'!$E$2002,4,FALSE),"") | F27: =IFERROR(VLOOKUP(A27,Inv!$A$3:'Inv'!$E$2002,5,FALSE),"") | H27: =IF($B$46<>0,$B$46,"") | I27: =IFERROR(E27*G27,"")
B28: =IFERROR(VLOOKUP(A28,Inv!$A$3:'Inv'!$E$2002,2,FALSE),"") | C28: =IFERROR(VLOOKUP(A28,Inv!$A$3:'Inv'!$E$2002,3,FALSE),"") | E28: =IFERROR(VLOOKUP(A28,Inv!$A$3:'Inv'!$E$2002,4,FALSE),"") | F28: =IFERROR(VLOOKUP(A28,Inv!$A$3:'Inv'!$E$2002,5,FALSE),"") | H28: =IF($B$46<>0,$B$46,"") | I28: =IFERROR(E28*G28,"")
B29: =IFERROR(VLOOKUP(A29,Inv!$A$3:'Inv'!$E$2002,2,FALSE),"") | C29: =IFERROR(VLOOKUP(A29,Inv!$A$3:'Inv'!$E$2002,3,FALSE),"") | E29: =IFERROR(VLOOKUP(A29,Inv!$A$3:'Inv'!$E$2002,4,FALSE),"") | F29: =IFERROR(VLOOKUP(A29,Inv!$A$3:'Inv'!$E$2002,5,FALSE),"") | H29: =IF($B$46<>0,$B$46,"") | I29: =IFERROR(E29*G29,"")
B30: =IFERROR(VLOOKUP(A30,Inv!$A$3:'Inv'!$E$2002,2,FALSE),"") | C30: =IFERROR(VLOOKUP(A30,Inv!$A$3:'Inv'!$E$2002,3,FALSE),"") | E30: =IFERROR(VLOOKUP(A30,Inv!$A$3:'Inv'!$E$2002,4,FALSE),"") | F30: =IFERROR(VLOOKUP(A30,Inv!$A$3:'Inv'!$E$2002,5,FALSE),"") | H30: =IF($B$46<>0,$B$46,"") | I30: =IFERROR(E30*G30,"")
A31: Shop Labor | G31: Enter Estimated Hours needed
A32: Labor Work Code # | B32: Work Code Description | G32: Estimated Hours | H32: Hourly Rate | I32: Total
A33: 2011 | B33: =IFERROR(VLOOKUP(A33,WC!$A$6:'WC'!$C$30,2,FALSE),"") -> Cabinet Metal Labor | G33: 0 | H33: =IFERROR(VLOOKUP(A33,WC!$A$6:'WC'!$C$30,3,FALSE),"") -> 97 | I33: =IFERROR(G33*H33,"") -> 0
A34: 2110 | B34: =IFERROR(VLOOKUP(A34,WC!$A$6:'WC'!$C$30,2,FALSE),"") -> Paint Prep Labor | G34: 0 | H34: =IFERROR(VLOOKUP(A34,WC!$A$6:'WC'!$C$30,3,FALSE),"") -> 97 | I34: =IFERROR(G34*H34,"") -> 0
A35: 2112 | B35: =IFERROR(VLOOKUP(A35,WC!$A$6:'WC'!$C$30,2,FALSE),"") -> Paint Cabinet & Letters Labor | G35: 0 | H35: =IFERROR(VLOOKUP(A35,WC!$A$6:'WC'!$C$30,3,FALSE),"") -> 97 | I35: =IFERROR(G35*H35,"") -> 0
A36: 2215 | B36: =IFERROR(VLOOKUP(A36,WC!$A$6:'WC'!$C$30,2,FALSE),"") -> Assembly Labor | G36: 0 | H36: =IFERROR(VLOOKUP(A36,WC!$A$6:'WC'!$C$30,3,FALSE),"") -> 97 | I36: =IFERROR(G36*H36,"") -> 0
A37: 2010 | B37: =IFERROR(VLOOKUP(A37,WC!$A$6:'WC'!$C$30,2,FALSE),"") -> Routing Labor | G37: 0 | H37: =IFERROR(VLOOKUP(A37,WC!$A$6:'WC'!$C$30,3,FALSE),"") -> 97 | I37: =IFERROR(G37*H37,"") -> 0
A38: 2215 | B38: =IFERROR(VLOOKUP(A38,WC!$A$6:'WC'!$C$30,2,FALSE),"") -> Assembly Labor | C38: Mount & wire Trim cap logos | G38: 3 | H38: =IFERROR(VLOOKUP(A38,WC!$A$6:'WC'!$C$30,3,FALSE),"") -> 97 | I38: =IFERROR(G38*H38,"") -> 291
B39: =IFERROR(VLOOKUP(A39,WC!$A$6:'WC'!$C$30,2,FALSE),"") | H39: =IFERROR(VLOOKUP(A39,WC!$A$6:'WC'!$C$30,3,FALSE),"") | I39: =IFERROR(G39*H39,"")
B40: =IFERROR(VLOOKUP(A40,WC!$A$6:'WC'!$C$30,2,FALSE),"") | H40: =IFERROR(VLOOKUP(A40,WC!$A$6:'WC'!$C$30,3,FALSE),"") | I40: =IFERROR(G40*H40,"")
B41: =IFERROR(VLOOKUP(A41,WC!$A$6:'WC'!$C$30,2,FALSE),"") | H41: =IFERROR(VLOOKUP(A41,WC!$A$6:'WC'!$C$30,3,FALSE),"") | I41: =IFERROR(G41*H41,"")
B42: =IFERROR(VLOOKUP(A42,WC!$A$6:'WC'!$C$30,2,FALSE),"") | H42: =IFERROR(VLOOKUP(A42,WC!$A$6:'WC'!$C$30,3,FALSE),"") | I42: =IFERROR(G42*H42,"")
B43: =IFERROR(VLOOKUP(A43,WC!$A$6:'WC'!$C$30,2,FALSE),"") | H43: =IFERROR(VLOOKUP(A43,WC!$A$6:'WC'!$C$30,3,FALSE),"") | I43: =IFERROR(G43*H43,"")
B44: =IFERROR(VLOOKUP(A44,WC!$A$6:'WC'!$C$30,2,FALSE),"") | H44: =IFERROR(VLOOKUP(A44,WC!$A$6:'WC'!$C$30,3,FALSE),"") | I44: =IFERROR(G44*H44,"")
A45: Formula calculation details below DO NOT ALTER

Sheet Vinyl cutting
A1: Cut vinyl (usually only one or two colors, consider printing if more colors are needed)
A2: Job number | B2: ='HEADER INFO'!B2 -> J36938
A3: Job name
A6: Quantity to cut? | B6: 1
A7: Height inches? | B7: 0
A8: Length inches? | B8: 0
A9: Total sign price | B9: =SUM(I17:I44) -> 0
A14: Inventory Items
A15: Choose masking and vinyl by description and manually enter Units Needed. | H15: Calculated units suggestion only
A16: Inventory Item Description | B16: Inventory # | C16: Unit Cost | E16: Unit Price | F16: Unit Measure | G16: Units Needed | H16: Calculated Units | I16: Total
A17: 48" R1 Transferrite 782 Ultra | B17: =IFERROR(VLOOKUP(A17,Inv!$A$3:'Inv'!$E$2002,2,FALSE),"") -> 12022 | C17: =IFERROR(VLOOKUP(A17,Inv!$A$3:'Inv'!$E$2002,3,FALSE),"") -> 0.163 | E17: =IFERROR(VLOOKUP(A17,Inv!$A$3:'Inv'!$E$2002,4,FALSE),"") -> 0.293 | F17: =IFERROR(VLOOKUP(A17,Inv!$A$3:'Inv'!$E$2002,5,FALSE),"") -> SQFT | H17: =IF($B$46<>0,$B$46,"") | I17: =IFERROR(E17*G17,"") -> 0
A18: 48" 7725-10 White | B18: =IFERROR(VLOOKUP(A18,Inv!$A$3:'Inv'!$E$2002,2,FALSE),"") -> 17500 | C18: =IFERROR(VLOOKUP(A18,Inv!$A$3:'Inv'!$E$2002,3,FALSE),"") -> 1.156 | E18: =IFERROR(VLOOKUP(A18,Inv!$A$3:'Inv'!$E$2002,4,FALSE),"") -> 2.081 | F18: =IFERROR(VLOOKUP(A18,Inv!$A$3:'Inv'!$E$2002,5,FALSE),"") -> SQFT | H18: =IF($B$46<>0,$B$46,"") | I18: =IFERROR(E18*G18,"") -> 0
A19: 48" 7725-12 Black | B19: =IFERROR(VLOOKUP(A19,Inv!$A$3:'Inv'!$E$2002,2,FALSE),"") -> 17496 | C19: =IFERROR(VLOOKUP(A19,Inv!$A$3:'Inv'!$E$2002,3,FALSE),"") -> 1.192 | E19: =IFERROR(VLOOKUP(A19,Inv!$A$3:'Inv'!$E$2002,4,FALSE),"") -> 2.146 | F19: =IFERROR(VLOOKUP(A19,Inv!$A$3:'Inv'!$E$2002,5,FALSE),"") -> SQFT | H19: =IF($B$46<>0,$B$46,"") | I19: =IFERROR(E19*G19,"") -> 0
A20: 48" 680-10 White | B20: =IFERROR(VLOOKUP(A20,Inv!$A$3:'Inv'!$E$2002,2,FALSE),"") -> 18120 | C20: =IFERROR(VLOOKUP(A20,Inv!$A$3:'Inv'!$E$2002,3,FALSE),"") -> 5.029 | E20: =IFERROR(VLOOKUP(A20,Inv!$A$3:'Inv'!$E$2002,4,FALSE),"") -> 9.053 | F20: =IFERROR(VLOOKUP(A20,Inv!$A$3:'Inv'!$E$2002,5,FALSE),"") -> SQFT | H20: =IF($B$46<>0,$B$46,"") | I20: =IFERROR(E20*G20,"") -> 0
A21: 48" 8510-090 Etchlook | B21: =IFERROR(VLOOKUP(A21,Inv!$A$3:'Inv'!$E$2002,2,FALSE),"") -> 16440 | C21: =IFERROR(VLOOKUP(A21,Inv!$A$3:'Inv'!$E$2002,3,FALSE),"") -> 1.025 | E21: =IFERROR(VLOOKUP(A21,Inv!$A$3:'Inv'!$E$2002,4,FALSE),"") -> 1.845 | F21: =IFERROR(VLOOKUP(A21,Inv!$A$3:'Inv'!$E$2002,5,FALSE),"") -> SQFT | H21: =IF($B$46<>0,$B$46,"") | I21: =IFERROR(E21*G21,"") -> 0
A22: 48" 3630-20 White | B22: =IFERROR(VLOOKUP(A22,Inv!$A$3:'Inv'!$E$2002,2,FALSE),"") -> 15456 | C22: =IFERROR(VLOOKUP(A22,Inv!$A$3:'Inv'!$E$2002,3,FALSE),"") -> 1.968 | E22: =IFERROR(VLOOKUP(A22,Inv!$A$3:'Inv'!$E$2002,4,FALSE),"") -> 3.543 | F22: =IFERROR(VLOOKUP(A22,Inv!$A$3:'Inv'!$E$2002,5,FALSE),"") -> SQFT | H22: =IF($B$46<>0,$B$46,"") | I22: =IFERROR(E22*G22,"") -> 0
A23: 48" 3630-22 Black | B23: =IFERROR(VLOOKUP(A23,Inv!$A$3:'Inv'!$E$2002,2,FALSE),"") -> 15460 | C23: =IFERROR(VLOOKUP(A23,Inv!$A$3:'Inv'!$E$2002,3,FALSE),"") -> 1.453 | E23: =IFERROR(VLOOKUP(A23,Inv!$A$3:'Inv'!$E$2002,4,FALSE),"") -> 2.616 | F23: =IFERROR(VLOOKUP(A23,Inv!$A$3:'Inv'!$E$2002,5,FALSE),"") -> SQFT | H23: =IF($B$46<>0,$B$46,"") | I23: =IFERROR(E23*G23,"") -> 0
B24: =IFERROR(VLOOKUP(A24,Inv!$A$3:'Inv'!$E$2002,2,FALSE),"") | C24: =IFERROR(VLOOKUP(A24,Inv!$A$3:'Inv'!$E$2002,3,FALSE),"") | E24: =IFERROR(VLOOKUP(A24,Inv!$A$3:'Inv'!$E$2002,4,FALSE),"") | F24: =IFERROR(VLOOKUP(A24,Inv!$A$3:'Inv'!$E$2002,5,FALSE),"") | H24: =IF($B$46<>0,$B$46,"") | I24: =IFERROR(E24*G24,"")
B25: =IFERROR(VLOOKUP(A25,Inv!$A$3:'Inv'!$E$2002,2,FALSE),"") | C25: =IFERROR(VLOOKUP(A25,Inv!$A$3:'Inv'!$E$2002,3,FALSE),"") | E25: =IFERROR(VLOOKUP(A25,Inv!$A$3:'Inv'!$E$2002,4,FALSE),"") | F25: =IFERROR(VLOOKUP(A25,Inv!$A$3:'Inv'!$E$2002,5,FALSE),"") | H25: =IF($B$46<>0,$B$46,"") | I25: =IFERROR(E25*G25,"")
B26: =IFERROR(VLOOKUP(A26,Inv!$A$3:'Inv'!$E$2002,2,FALSE),"") | C26: =IFERROR(VLOOKUP(A26,Inv!$A$3:'Inv'!$E$2002,3,FALSE),"") | E26: =IFERROR(VLOOKUP(A26,Inv!$A$3:'Inv'!$E$2002,4,FALSE),"") | F26: =IFERROR(VLOOKUP(A26,Inv!$A$3:'Inv'!$E$2002,5,FALSE),"") | H26: =IF($B$46<>0,$B$46,"") | I26: =IFERROR(E26*G26,"")
B27: =IFERROR(VLOOKUP(A27,Inv!$A$3:'Inv'!$E$2002,2,FALSE),"") | C27: =IFERROR(VLOOKUP(A27,Inv!$A$3:'Inv'!$E$2002,3,FALSE),"") | E27: =IFERROR(VLOOKUP(A27,Inv!$A$3:'Inv'!$E$2002,4,FALSE),"") | F27: =IFERROR(VLOOKUP(A27,Inv!$A$3:'Inv'!$E$2002,5,FALSE),"") | H27: =IF($B$46<>0,$B$46,"") | I27: =IFERROR(E27*G27,"")
B28: =IFERROR(VLOOKUP(A28,Inv!$A$3:'Inv'!$E$2002,2,FALSE),"") | C28: =IFERROR(VLOOKUP(A28,Inv!$A$3:'Inv'!$E$2002,3,FALSE),"") | E28: =IFERROR(VLOOKUP(A28,Inv!$A$3:'Inv'!$E$2002,4,FALSE),"") | F28: =IFERROR(VLOOKUP(A28,Inv!$A$3:'Inv'!$E$2002,5,FALSE),"") | H28: =IF($B$46<>0,$B$46,"") | I28: =IFERROR(E28*G28,"")
B29: =IFERROR(VLOOKUP(A29,Inv!$A$3:'Inv'!$E$2002,2,FALSE),"") | C29: =IFERROR(VLOOKUP(A29,Inv!$A$3:'Inv'!$E$2002,3,FALSE),"") | E29: =IFERROR(VLOOKUP(A29,Inv!$A$3:'Inv'!$E$2002,4,FALSE),"") | F29: =IFERROR(VLOOKUP(A29,Inv!$A$3:'Inv'!$E$2002,5,FALSE),"") | H29: =IF($B$46<>0,$B$46,"") | I29: =IFERROR(E29*G29,"")
B30: =IFERROR(VLOOKUP(A30,Inv!$A$3:'Inv'!$E$2002,2,FALSE),"") | C30: =IFERROR(VLOOKUP(A30,Inv!$A$3:'Inv'!$E$2002,3,FALSE),"") | E30: =IFERROR(VLOOKUP(A30,Inv!$A$3:'Inv'!$E$2002,4,FALSE),"") | F30: =IFERROR(VLOOKUP(A30,Inv!$A$3:'Inv'!$E$2002,5,FALSE),"") | H30: =IF($B$46<>0,$B$46,"") | I30: =IFERROR(E30*G30,"")
A31: Shop Labor
A32: Labor Work Code # | B32: Work Code Description | D32: Sqft to Process | E32: Sqft/Hr | G32: Estimated Hours | H32: Hourly Rate | I32: Total
A33: 2415 | B33: =IFERROR(VLOOKUP(A33,WC!$A$6:'WC'!$C$30,2,FALSE),"") -> Graphics Cut Weed & Mask Labor | D33: =B46 -> 0 | E33: =B47 -> 20 | G33: =CEILING(D33/E33,RateData!B84) -> 0 | H33: =IFERROR(VLOOKUP(A33,WC!$A$6:'WC'!$C$30,3,FALSE),"") -> 97 | I33: =IFERROR(G33*H33,"") -> 0
B34: =IFERROR(VLOOKUP(A34,WC!$A$6:'WC'!$C$30,2,FALSE),"") | H34: =IFERROR(VLOOKUP(A34,WC!$A$6:'WC'!$C$30,3,FALSE),"") | I34: =IFERROR(G34*H34,"")
B35: =IFERROR(VLOOKUP(A35,WC!$A$6:'WC'!$C$30,2,FALSE),"") | H35: =IFERROR(VLOOKUP(A35,WC!$A$6:'WC'!$C$30,3,FALSE),"") | I35: =IFERROR(G35*H35,"")
B36: =IFERROR(VLOOKUP(A36,WC!$A$6:'WC'!$C$30,2,FALSE),"") | H36: =IFERROR(VLOOKUP(A36,WC!$A$6:'WC'!$C$30,3,FALSE),"") | I36: =IFERROR(G36*H36,"")
B37: =IFERROR(VLOOKUP(A37,WC!$A$6:'WC'!$C$30,2,FALSE),"") | H37: =IFERROR(VLOOKUP(A37,WC!$A$6:'WC'!$C$30,3,FALSE),"") | I37: =IFERROR(G37*H37,"")
B38: =IFERROR(VLOOKUP(A38,WC!$A$6:'WC'!$C$30,2,FALSE),"") | H38: =IFERROR(VLOOKUP(A38,WC!$A$6:'WC'!$C$30,3,FALSE),"") | I38: =IFERROR(G38*H38,"")
B39: =IFERROR(VLOOKUP(A39,WC!$A$6:'WC'!$C$30,2,FALSE),"") | H39: =IFERROR(VLOOKUP(A39,WC!$A$6:'WC'!$C$30,3,FALSE),"") | I39: =IFERROR(G39*H39,"")
B40: =IFERROR(VLOOKUP(A40,WC!$A$6:'WC'!$C$30,2,FALSE),"") | H40: =IFERROR(VLOOKUP(A40,WC!$A$6:'WC'!$C$30,3,FALSE),"") | I40: =IFERROR(G40*H40,"")
B41: =IFERROR(VLOOKUP(A41,WC!$A$6:'WC'!$C$30,2,FALSE),"") | H41: =IFERROR(VLOOKUP(A41,WC!$A$6:'WC'!$C$30,3,FALSE),"") | I41: =IFERROR(G41*H41,"")
B42: =IFERROR(VLOOKUP(A42,WC!$A$6:'WC'!$C$30,2,FALSE),"") | H42: =IFERROR(VLOOKUP(A42,WC!$A$6:'WC'!$C$30,3,FALSE),"") | I42: =IFERROR(G42*H42,"")
B43: =IFERROR(VLOOKUP(A43,WC!$A$6:'WC'!$C$30,2,FALSE),"") | H43: =IFERROR(VLOOKUP(A43,WC!$A$6:'WC'!$C$30,3,FALSE),"") | I43: =IFERROR(G43*H43,"")
B44: =IFERROR(VLOOKUP(A44,WC!$A$6:'WC'!$C$30,2,FALSE),"") | H44: =IFERROR(VLOOKUP(A44,WC!$A$6:'WC'!$C$30,3,FALSE),"") | I44: =IFERROR(G44*H44,"")
A45: Formula calculation details below DO NOT ALTER | C45: Data in RateData sheet
A46: sqft | B46: =CEILING((B7*B8)/144,4)*B6 -> 0 | C46: default work code | D46: 2415
A47: Vinyl cut/weed/mask sqft/hour | B47: =RateData!B1 -> 20

Sheet Vinyl cutting (2)
A1: Cut vinyl (usually only one or two colors, consider printing if more colors are needed)
A2: Job number | B2: ='HEADER INFO'!B2 -> J36938
A3: Job name
A6: Quantity to cut? | B6: 1
A7: Height inches? | B7: 0
A8: Length inches? | B8: 0
A9: Total sign price | B9: =SUM(I17:I44) -> 0
A14: Inventory Items
A15: Choose masking and vinyl by description and manually enter Units Needed. | H15: Calculated units suggestion only
A16: Inventory Item Description | B16: Inventory # | C16: Unit Cost | E16: Unit Price | F16: Unit Measure | G16: Units Needed | H16: Calculated Units | I16: Total
A17: 48" R1 Transferrite 782 Ultra | B17: =IFERROR(VLOOKUP(A17,Inv!$A$3:'Inv'!$E$2002,2,FALSE),"") -> 12022 | C17: =IFERROR(VLOOKUP(A17,Inv!$A$3:'Inv'!$E$2002,3,FALSE),"") -> 0.163 | E17: =IFERROR(VLOOKUP(A17,Inv!$A$3:'Inv'!$E$2002,4,FALSE),"") -> 0.293 | F17: =IFERROR(VLOOKUP(A17,Inv!$A$3:'Inv'!$E$2002,5,FALSE),"") -> SQFT | H17: =IF($B$46<>0,$B$46,"") | I17: =IFERROR(E17*G17,"") -> 0
A18: 48" 7725-10 White | B18: =IFERROR(VLOOKUP(A18,Inv!$A$3:'Inv'!$E$2002,2,FALSE),"") -> 17500 | C18: =IFERROR(VLOOKUP(A18,Inv!$A$3:'Inv'!$E$2002,3,FALSE),"") -> 1.156 | E18: =IFERROR(VLOOKUP(A18,Inv!$A$3:'Inv'!$E$2002,4,FALSE),"") -> 2.081 | F18: =IFERROR(VLOOKUP(A18,Inv!$A$3:'Inv'!$E$2002,5,FALSE),"") -> SQFT | H18: =IF($B$46<>0,$B$46,"") | I18: =IFERROR(E18*G18,"") -> 0
A19: 48" 7725-12 Black | B19: =IFERROR(VLOOKUP(A19,Inv!$A$3:'Inv'!$E$2002,2,FALSE),"") -> 17496 | C19: =IFERROR(VLOOKUP(A19,Inv!$A$3:'Inv'!$E$2002,3,FALSE),"") -> 1.192 | E19: =IFERROR(VLOOKUP(A19,Inv!$A$3:'Inv'!$E$2002,4,FALSE),"") -> 2.146 | F19: =IFERROR(VLOOKUP(A19,Inv!$A$3:'Inv'!$E$2002,5,FALSE),"") -> SQFT | H19: =IF($B$46<>0,$B$46,"") | I19: =IFERROR(E19*G19,"") -> 0
A20: 48" 680-10 White | B20: =IFERROR(VLOOKUP(A20,Inv!$A$3:'Inv'!$E$2002,2,FALSE),"") -> 18120 | C20: =IFERROR(VLOOKUP(A20,Inv!$A$3:'Inv'!$E$2002,3,FALSE),"") -> 5.029 | E20: =IFERROR(VLOOKUP(A20,Inv!$A$3:'Inv'!$E$2002,4,FALSE),"") -> 9.053 | F20: =IFERROR(VLOOKUP(A20,Inv!$A$3:'Inv'!$E$2002,5,FALSE),"") -> SQFT | H20: =IF($B$46<>0,$B$46,"") | I20: =IFERROR(E20*G20,"") -> 0
A21: 48" 8510-090 Etchlook | B21: =IFERROR(VLOOKUP(A21,Inv!$A$3:'Inv'!$E$2002,2,FALSE),"") -> 16440 | C21: =IFERROR(VLOOKUP(A21,Inv!$A$3:'Inv'!$E$2002,3,FALSE),"") -> 1.025 | E21: =IFERROR(VLOOKUP(A21,Inv!$A$3:'Inv'!$E$2002,4,FALSE),"") -> 1.845 | F21: =IFERROR(VLOOKUP(A21,Inv!$A$3:'Inv'!$E$2002,5,FALSE),"") -> SQFT | H21: =IF($B$46<>0,$B$46,"") | I21: =IFERROR(E21*G21,"") -> 0
A22: 48" 3630-20 White | B22: =IFERROR(VLOOKUP(A22,Inv!$A$3:'Inv'!$E$2002,2,FALSE),"") -> 15456 | C22: =IFERROR(VLOOKUP(A22,Inv!$A$3:'Inv'!$E$2002,3,FALSE),"") -> 1.968 | E22: =IFERROR(VLOOKUP(A22,Inv!$A$3:'Inv'!$E$2002,4,FALSE),"") -> 3.543 | F22: =IFERROR(VLOOKUP(A22,Inv!$A$3:'Inv'!$E$2002,5,FALSE),"") -> SQFT | H22: =IF($B$46<>0,$B$46,"") | I22: =IFERROR(E22*G22,"") -> 0
A23: 48" 3630-22 Black | B23: =IFERROR(VLOOKUP(A23,Inv!$A$3:'Inv'!$E$2002,2,FALSE),"") -> 15460 | C23: =IFERROR(VLOOKUP(A23,Inv!$A$3:'Inv'!$E$2002,3,FALSE),"") -> 1.453 | E23: =IFERROR(VLOOKUP(A23,Inv!$A$3:'Inv'!$E$2002,4,FALSE),"") -> 2.616 | F23: =IFERROR(VLOOKUP(A23,Inv!$A$3:'Inv'!$E$2002,5,FALSE),"") -> SQFT | H23: =IF($B$46<>0,$B$46,"") | I23: =IFERROR(E23*G23,"") -> 0
B24: =IFERROR(VLOOKUP(A24,Inv!$A$3:'Inv'!$E$2002,2,FALSE),"") | C24: =IFERROR(VLOOKUP(A24,Inv!$A$3:'Inv'!$E$2002,3,FALSE),"") | E24: =IFERROR(VLOOKUP(A24,Inv!$A$3:'Inv'!$E$2002,4,FALSE),"") | F24: =IFERROR(VLOOKUP(A24,Inv!$A$3:'Inv'!$E$2002,5,FALSE),"") | H24: =IF($B$46<>0,$B$46,"") | I24: =IFERROR(E24*G24,"")
B25: =IFERROR(VLOOKUP(A25,Inv!$A$3:'Inv'!$E$2002,2,FALSE),"") | C25: =IFERROR(VLOOKUP(A25,Inv!$A$3:'Inv'!$E$2002,3,FALSE),"") | E25: =IFERROR(VLOOKUP(A25,Inv!$A$3:'Inv'!$E$2002,4,FALSE),"") | F25: =IFERROR(VLOOKUP(A25,Inv!$A$3:'Inv'!$E$2002,5,FALSE),"") | H25: =IF($B$46<>0,$B$46,"") | I25: =IFERROR(E25*G25,"")
B26: =IFERROR(VLOOKUP(A26,Inv!$A$3:'Inv'!$E$2002,2,FALSE),"") | C26: =IFERROR(VLOOKUP(A26,Inv!$A$3:'Inv'!$E$2002,3,FALSE),"") | E26: =IFERROR(VLOOKUP(A26,Inv!$A$3:'Inv'!$E$2002,4,FALSE),"") | F26: =IFERROR(VLOOKUP(A26,Inv!$A$3:'Inv'!$E$2002,5,FALSE),"") | H26: =IF($B$46<>0,$B$46,"") | I26: =IFERROR(E26*G26,"")
B27: =IFERROR(VLOOKUP(A27,Inv!$A$3:'Inv'!$E$2002,2,FALSE),"") | C27: =IFERROR(VLOOKUP(A27,Inv!$A$3:'Inv'!$E$2002,3,FALSE),"") | E27: =IFERROR(VLOOKUP(A27,Inv!$A$3:'Inv'!$E$2002,4,FALSE),"") | F27: =IFERROR(VLOOKUP(A27,Inv!$A$3:'Inv'!$E$2002,5,FALSE),"") | H27: =IF($B$46<>0,$B$46,"") | I27: =IFERROR(E27*G27,"")
B28: =IFERROR(VLOOKUP(A28,Inv!$A$3:'Inv'!$E$2002,2,FALSE),"") | C28: =IFERROR(VLOOKUP(A28,Inv!$A$3:'Inv'!$E$2002,3,FALSE),"") | E28: =IFERROR(VLOOKUP(A28,Inv!$A$3:'Inv'!$E$2002,4,FALSE),"") | F28: =IFERROR(VLOOKUP(A28,Inv!$A$3:'Inv'!$E$2002,5,FALSE),"") | H28: =IF($B$46<>0,$B$46,"") | I28: =IFERROR(E28*G28,"")
B29: =IFERROR(VLOOKUP(A29,Inv!$A$3:'Inv'!$E$2002,2,FALSE),"") | C29: =IFERROR(VLOOKUP(A29,Inv!$A$3:'Inv'!$E$2002,3,FALSE),"") | E29: =IFERROR(VLOOKUP(A29,Inv!$A$3:'Inv'!$E$2002,4,FALSE),"") | F29: =IFERROR(VLOOKUP(A29,Inv!$A$3:'Inv'!$E$2002,5,FALSE),"") | H29: =IF($B$46<>0,$B$46,"") | I29: =IFERROR(E29*G29,"")
B30: =IFERROR(VLOOKUP(A30,Inv!$A$3:'Inv'!$E$2002,2,FALSE),"") | C30: =IFERROR(VLOOKUP(A30,Inv!$A$3:'Inv'!$E$2002,3,FALSE),"") | E30: =IFERROR(VLOOKUP(A30,Inv!$A$3:'Inv'!$E$2002,4,FALSE),"") | F30: =IFERROR(VLOOKUP(A30,Inv!$A$3:'Inv'!$E$2002,5,FALSE),"") | H30: =IF($B$46<>0,$B$46,"") | I30: =IFERROR(E30*G30,"")
A31: Shop Labor
A32: Labor Work Code # | B32: Work Code Description | D32: Sqft to Process | E32: Sqft/Hr | G32: Estimated Hours | H32: Hourly Rate | I32: Total
A33: 2415 | B33: =IFERROR(VLOOKUP(A33,WC!$A$6:'WC'!$C$30,2,FALSE),"") -> Graphics Cut Weed & Mask Labor | D33: =B46 -> 0 | E33: =B47 -> 20 | G33: =CEILING(D33/E33,RateData!B84) -> 0 | H33: =IFERROR(VLOOKUP(A33,WC!$A$6:'WC'!$C$30,3,FALSE),"") -> 97 | I33: =IFERROR(G33*H33,"") -> 0
B34: =IFERROR(VLOOKUP(A34,WC!$A$6:'WC'!$C$30,2,FALSE),"") | H34: =IFERROR(VLOOKUP(A34,WC!$A$6:'WC'!$C$30,3,FALSE),"") | I34: =IFERROR(G34*H34,"")
B35: =IFERROR(VLOOKUP(A35,WC!$A$6:'WC'!$C$30,2,FALSE),"") | H35: =IFERROR(VLOOKUP(A35,WC!$A$6:'WC'!$C$30,3,FALSE),"") | I35: =IFERROR(G35*H35,"")
B36: =IFERROR(VLOOKUP(A36,WC!$A$6:'WC'!$C$30,2,FALSE),"") | H36: =IFERROR(VLOOKUP(A36,WC!$A$6:'WC'!$C$30,3,FALSE),"") | I36: =IFERROR(G36*H36,"")
B37: =IFERROR(VLOOKUP(A37,WC!$A$6:'WC'!$C$30,2,FALSE),"") | H37: =IFERROR(VLOOKUP(A37,WC!$A$6:'WC'!$C$30,3,FALSE),"") | I37: =IFERROR(G37*H37,"")
B38: =IFERROR(VLOOKUP(A38,WC!$A$6:'WC'!$C$30,2,FALSE),"") | H38: =IFERROR(VLOOKUP(A38,WC!$A$6:'WC'!$C$30,3,FALSE),"") | I38: =IFERROR(G38*H38,"")
B39: =IFERROR(VLOOKUP(A39,WC!$A$6:'WC'!$C$30,2,FALSE),"") | H39: =IFERROR(VLOOKUP(A39,WC!$A$6:'WC'!$C$30,3,FALSE),"") | I39: =IFERROR(G39*H39,"")
B40: =IFERROR(VLOOKUP(A40,WC!$A$6:'WC'!$C$30,2,FALSE),"") | H40: =IFERROR(VLOOKUP(A40,WC!$A$6:'WC'!$C$30,3,FALSE),"") | I40: =IFERROR(G40*H40,"")
B41: =IFERROR(VLOOKUP(A41,WC!$A$6:'WC'!$C$30,2,FALSE),"") | H41: =IFERROR(VLOOKUP(A41,WC!$A$6:'WC'!$C$30,3,FALSE),"") | I41: =IFERROR(G41*H41,"")
B42: =IFERROR(VLOOKUP(A42,WC!$A$6:'WC'!$C$30,2,FALSE),"") | H42: =IFERROR(VLOOKUP(A42,WC!$A$6:'WC'!$C$30,3,FALSE),"") | I42: =IFERROR(G42*H42,"")
B43: =IFERROR(VLOOKUP(A43,WC!$A$6:'WC'!$C$30,2,FALSE),"") | H43: =IFERROR(VLOOKUP(A43,WC!$A$6:'WC'!$C$30,3,FALSE),"") | I43: =IFERROR(G43*H43,"")
B44: =IFERROR(VLOOKUP(A44,WC!$A$6:'WC'!$C$30,2,FALSE),"") | H44: =IFERROR(VLOOKUP(A44,WC!$A$6:'WC'!$C$30,3,FALSE),"") | I44: =IFERROR(G44*H44,"")
A45: Formula calculation details below DO NOT ALTER | C45: Data in RateData sheet
A46: sqft | B46: =CEILING((B7*B8)/144,4)*B6 -> 0 | C46: default work code | D46: 2415
A47: Vinyl cut/weed/mask sqft/hour | B47: =RateData!B1 -> 20

Sheet Apply vinyl graphics
A1: Apply Vinyl Graphics
A2: Job number | B2: ='HEADER INFO'!B2 -> J36938
A3: Job name
B5: Push Through | C5: << Choose Flat or Push Through surface application
A6: Quantity to apply? | B6: 2
A7: Height inches? | B7: 30
A8: Length inches? | B8: 84
A9: Total price | B9: =SUM(I17:I44) -> 426.736
A14: Inventory items
A15: Choose vinyl inventory items and Units Needed if necessary
A16: Inventory Item Description | B16: Inventory # | C16: Unit Cost | E16: Unit Price | F16: Unit Measure | G16: Units Needed | I16: Total
A17: 48" 3635-70 Wht Diffuser 70% | B17: =IFERROR(VLOOKUP(A17,Inv!$A$3:'Inv'!$E$2002,2,FALSE),"") -> 19120 | C17: =IFERROR(VLOOKUP(A17,Inv!$A$3:'Inv'!$E$2002,3,FALSE),"") -> 1.25 | E17: =IFERROR(VLOOKUP(A17,Inv!$A$3:'Inv'!$E$2002,4,FALSE),"") -> 2.25 | F17: =IFERROR(VLOOKUP(A17,Inv!$A$3:'Inv'!$E$2002,5,FALSE),"") -> SQFT | G17: 0 | I17: =IFERROR(E17*G17,"") -> 0
A18: 48" 3630-20 White | B18: =IFERROR(VLOOKUP(A18,Inv!$A$3:'Inv'!$E$2002,2,FALSE),"") -> 15456 | C18: =IFERROR(VLOOKUP(A18,Inv!$A$3:'Inv'!$E$2002,3,FALSE),"") -> 1.968 | E18: =IFERROR(VLOOKUP(A18,Inv!$A$3:'Inv'!$E$2002,4,FALSE),"") -> 3.543 | F18: =IFERROR(VLOOKUP(A18,Inv!$A$3:'Inv'!$E$2002,5,FALSE),"") -> SQFT | G18: 52 | I18: =IFERROR(E18*G18,"") -> 184.236
A19: 48" 3630-22 Black | B19: =IFERROR(VLOOKUP(A19,Inv!$A$3:'Inv'!$E$2002,2,FALSE),"") -> 15460 | C19: =IFERROR(VLOOKUP(A19,Inv!$A$3:'Inv'!$E$2002,3,FALSE),"") -> 1.453 | E19: =IFERROR(VLOOKUP(A19,Inv!$A$3:'Inv'!$E$2002,4,FALSE),"") -> 2.616 | F19: =IFERROR(VLOOKUP(A19,Inv!$A$3:'Inv'!$E$2002,5,FALSE),"") -> SQFT | G19: 0 | I19: =IFERROR(E19*G19,"") -> 0
A20: 48" 3635-222 Dual-Color Blck | B20: =IFERROR(VLOOKUP(A20,Inv!$A$3:'Inv'!$E$2002,2,FALSE),"") -> 19095 | C20: =IFERROR(VLOOKUP(A20,Inv!$A$3:'Inv'!$E$2002,3,FALSE),"") -> 4.548 | E20: =IFERROR(VLOOKUP(A20,Inv!$A$3:'Inv'!$E$2002,4,FALSE),"") -> 8.187 | F20: =IFERROR(VLOOKUP(A20,Inv!$A$3:'Inv'!$E$2002,5,FALSE),"") -> SQFT | G20: 0 | I20: =IFERROR(E20*G20,"") -> 0
B21: =IFERROR(VLOOKUP(A21,Inv!$A$3:'Inv'!$E$2002,2,FALSE),"") | C21: =IFERROR(VLOOKUP(A21,Inv!$A$3:'Inv'!$E$2002,3,FALSE),"") | E21: =IFERROR(VLOOKUP(A21,Inv!$A$3:'Inv'!$E$2002,4,FALSE),"") | F21: =IFERROR(VLOOKUP(A21,Inv!$A$3:'Inv'!$E$2002,5,FALSE),"") | I21: =IFERROR(E21*G21,"")
B22: =IFERROR(VLOOKUP(A22,Inv!$A$3:'Inv'!$E$2002,2,FALSE),"") | C22: =IFERROR(VLOOKUP(A22,Inv!$A$3:'Inv'!$E$2002,3,FALSE),"") | E22: =IFERROR(VLOOKUP(A22,Inv!$A$3:'Inv'!$E$2002,4,FALSE),"") | F22: =IFERROR(VLOOKUP(A22,Inv!$A$3:'Inv'!$E$2002,5,FALSE),"") | I22: =IFERROR(E22*G22,"")
B23: =IFERROR(VLOOKUP(A23,Inv!$A$3:'Inv'!$E$2002,2,FALSE),"") | C23: =IFERROR(VLOOKUP(A23,Inv!$A$3:'Inv'!$E$2002,3,FALSE),"") | E23: =IFERROR(VLOOKUP(A23,Inv!$A$3:'Inv'!$E$2002,4,FALSE),"") | F23: =IFERROR(VLOOKUP(A23,Inv!$A$3:'Inv'!$E$2002,5,FALSE),"") | I23: =IFERROR(E23*G23,"")
B24: =IFERROR(VLOOKUP(A24,Inv!$A$3:'Inv'!$E$2002,2,FALSE),"") | C24: =IFERROR(VLOOKUP(A24,Inv!$A$3:'Inv'!$E$2002,3,FALSE),"") | E24: =IFERROR(VLOOKUP(A24,Inv!$A$3:'Inv'!$E$2002,4,FALSE),"") | F24: =IFERROR(VLOOKUP(A24,Inv!$A$3:'Inv'!$E$2002,5,FALSE),"") | I24: =IFERROR(E24*G24,"")
B25: =IFERROR(VLOOKUP(A25,Inv!$A$3:'Inv'!$E$2002,2,FALSE),"") | C25: =IFERROR(VLOOKUP(A25,Inv!$A$3:'Inv'!$E$2002,3,FALSE),"") | E25: =IFERROR(VLOOKUP(A25,Inv!$A$3:'Inv'!$E$2002,4,FALSE),"") | F25: =IFERROR(VLOOKUP(A25,Inv!$A$3:'Inv'!$E$2002,5,FALSE),"") | I25: =IFERROR(E25*G25,"")
B26: =IFERROR(VLOOKUP(A26,Inv!$A$3:'Inv'!$E$2002,2,FALSE),"") | C26: =IFERROR(VLOOKUP(A26,Inv!$A$3:'Inv'!$E$2002,3,FALSE),"") | E26: =IFERROR(VLOOKUP(A26,Inv!$A$3:'Inv'!$E$2002,4,FALSE),"") | F26: =IFERROR(VLOOKUP(A26,Inv!$A$3:'Inv'!$E$2002,5,FALSE),"") | I26: =IFERROR(E26*G26,"")
B27: =IFERROR(VLOOKUP(A27,Inv!$A$3:'Inv'!$E$2002,2,FALSE),"") | C27: =IFERROR(VLOOKUP(A27,Inv!$A$3:'Inv'!$E$2002,3,FALSE),"") | E27: =IFERROR(VLOOKUP(A27,Inv!$A$3:'Inv'!$E$2002,4,FALSE),"") | F27: =IFERROR(VLOOKUP(A27,Inv!$A$3:'Inv'!$E$2002,5,FALSE),"") | I27: =IFERROR(E27*G27,"")
B28: =IFERROR(VLOOKUP(A28,Inv!$A$3:'Inv'!$E$2002,2,FALSE),"") | C28: =IFERROR(VLOOKUP(A28,Inv!$A$3:'Inv'!$E$2002,3,FALSE),"") | E28: =IFERROR(VLOOKUP(A28,Inv!$A$3:'Inv'!$E$2002,4,FALSE),"") | F28: =IFERROR(VLOOKUP(A28,Inv!$A$3:'Inv'!$E$2002,5,FALSE),"") | I28: =IFERROR(E28*G28,"")
B29: =IFERROR(VLOOKUP(A29,Inv!$A$3:'Inv'!$E$2002,2,FALSE),"") | C29: =IFERROR(VLOOKUP(A29,Inv!$A$3:'Inv'!$E$2002,3,FALSE),"") | E29: =IFERROR(VLOOKUP(A29,Inv!$A$3:'Inv'!$E$2002,4,FALSE),"") | F29: =IFERROR(VLOOKUP(A29,Inv!$A$3:'Inv'!$E$2002,5,FALSE),"") | I29: =IFERROR(E29*G29,"")
B30: =IFERROR(VLOOKUP(A30,Inv!$A$3:'Inv'!$E$2002,2,FALSE),"") | C30: =IFERROR(VLOOKUP(A30,Inv!$A$3:'Inv'!$E$2002,3,FALSE),"") | E30: =IFERROR(VLOOKUP(A30,Inv!$A$3:'Inv'!$E$2002,4,FALSE),"") | F30: =IFERROR(VLOOKUP(A30,Inv!$A$3:'Inv'!$E$2002,5,FALSE),"") | I30: =IFERROR(E30*G30,"")
A31: Shop labor
A32: Labor Work Code # | B32: Work Code Description | E32: Sqft to Process | F32: Sqft/Hr | G32: Estimated Hours | H32: Hourly Rate | I32: Total
A33: 2416 | B33: =IFERROR(VLOOKUP(A33,WC!$A$6:'WC'!$C$30,2,FALSE),"") -> Graphics Application Labor | E33: =B46 -> 35 | F33: =IF(B5<>"Flat",B48,B47) -> 15 | G33: =CEILING(E33/F33,RateData!B84) -> 2.5 | H33: =IFERROR(VLOOKUP(A33,WC!$A$6:'WC'!$C$30,3,FALSE),"") -> 97 | I33: =IFERROR(G33*H33,"") -> 242.5
B34: =IFERROR(VLOOKUP(A34,WC!$A$6:'WC'!$C$30,2,FALSE),"") | H34: =IFERROR(VLOOKUP(A34,WC!$A$6:'WC'!$C$30,3,FALSE),"") | I34: =IFERROR(G34*H34,"")
B35: =IFERROR(VLOOKUP(A35,WC!$A$6:'WC'!$C$30,2,FALSE),"") | H35: =IFERROR(VLOOKUP(A35,WC!$A$6:'WC'!$C$30,3,FALSE),"") | I35: =IFERROR(G35*H35,"")
B36: =IFERROR(VLOOKUP(A36,WC!$A$6:'WC'!$C$30,2,FALSE),"") | H36: =IFERROR(VLOOKUP(A36,WC!$A$6:'WC'!$C$30,3,FALSE),"") | I36: =IFERROR(G36*H36,"")
B37: =IFERROR(VLOOKUP(A37,WC!$A$6:'WC'!$C$30,2,FALSE),"") | H37: =IFERROR(VLOOKUP(A37,WC!$A$6:'WC'!$C$30,3,FALSE),"") | I37: =IFERROR(G37*H37,"")
B38: =IFERROR(VLOOKUP(A38,WC!$A$6:'WC'!$C$30,2,FALSE),"") | H38: =IFERROR(VLOOKUP(A38,WC!$A$6:'WC'!$C$30,3,FALSE),"") | I38: =IFERROR(G38*H38,"")
B39: =IFERROR(VLOOKUP(A39,WC!$A$6:'WC'!$C$30,2,FALSE),"") | H39: =IFERROR(VLOOKUP(A39,WC!$A$6:'WC'!$C$30,3,FALSE),"") | I39: =IFERROR(G39*H39,"")
B40: =IFERROR(VLOOKUP(A40,WC!$A$6:'WC'!$C$30,2,FALSE),"") | H40: =IFERROR(VLOOKUP(A40,WC!$A$6:'WC'!$C$30,3,FALSE),"") | I40: =IFERROR(G40*H40,"")
B41: =IFERROR(VLOOKUP(A41,WC!$A$6:'WC'!$C$30,2,FALSE),"") | H41: =IFERROR(VLOOKUP(A41,WC!$A$6:'WC'!$C$30,3,FALSE),"") | I41: =IFERROR(G41*H41,"")
B42: =IFERROR(VLOOKUP(A42,WC!$A$6:'WC'!$C$30,2,FALSE),"") | H42: =IFERROR(VLOOKUP(A42,WC!$A$6:'WC'!$C$30,3,FALSE),"") | I42: =IFERROR(G42*H42,"")
B43: =IFERROR(VLOOKUP(A43,WC!$A$6:'WC'!$C$30,2,FALSE),"") | H43: =IFERROR(VLOOKUP(A43,WC!$A$6:'WC'!$C$30,3,FALSE),"") | I43: =IFERROR(G43*H43,"")
B44: =IFERROR(VLOOKUP(A44,WC!$A$6:'WC'!$C$30,2,FALSE),"") | H44: =IFERROR(VLOOKUP(A44,WC!$A$6:'WC'!$C$30,3,FALSE),"") | I44: =IFERROR(G44*H44,"")
A45: Formula calculation details below DO NOT ALTER | D45: Data in RateData sheet
A46: sqft | B46: =(B7*B8/144)*B6 -> 35 | C46: default work code | D46: 2416 | F46: Flat
A47: Vinyl application flat surface sqft/hour | B47: =RateData!B2 -> 32 | F47: Push Through
A48: Vinyl application push through sqft/hour | B48: =RateData!B3 -> 15

Sheet Apply vinyl graphics (2)
A1: Apply Vinyl Graphics
A2: Job number
A3: Job name
B5: Flat | C5: << Choose Flat or Push Through surface application
A6: Quantity to apply? | B6: 2
A7: Height inches? | B7: 30
A8: Length inches? | B8: 84
A9: Total price | B9: =SUM(I17:I44) -> 238.25
A14: Inventory items
A15: Choose vinyl inventory items and Units Needed if necessary
A16: Inventory Item Description | B16: Inventory # | C16: Unit Cost | E16: Unit Price | F16: Unit Measure | G16: Units Needed | I16: Total
A17: 48" 3635-70 Wht Diffuser 70% | B17: =IFERROR(VLOOKUP(A17,Inv!$A$3:'Inv'!$E$2002,2,FALSE),"") -> 19120 | C17: =IFERROR(VLOOKUP(A17,Inv!$A$3:'Inv'!$E$2002,3,FALSE),"") -> 1.25 | E17: =IFERROR(VLOOKUP(A17,Inv!$A$3:'Inv'!$E$2002,4,FALSE),"") -> 2.25 | F17: =IFERROR(VLOOKUP(A17,Inv!$A$3:'Inv'!$E$2002,5,FALSE),"") -> SQFT | G17: 52 | I17: =IFERROR(E17*G17,"") -> 117
A18: 48" 3630-20 White | B18: =IFERROR(VLOOKUP(A18,Inv!$A$3:'Inv'!$E$2002,2,FALSE),"") -> 15456 | C18: =IFERROR(VLOOKUP(A18,Inv!$A$3:'Inv'!$E$2002,3,FALSE),"") -> 1.968 | E18: =IFERROR(VLOOKUP(A18,Inv!$A$3:'Inv'!$E$2002,4,FALSE),"") -> 3.543 | F18: =IFERROR(VLOOKUP(A18,Inv!$A$3:'Inv'!$E$2002,5,FALSE),"") -> SQFT | G18: 0 | I18: =IFERROR(E18*G18,"") -> 0
A19: 48" 3630-22 Black | B19: =IFERROR(VLOOKUP(A19,Inv!$A$3:'Inv'!$E$2002,2,FALSE),"") -> 15460 | C19: =IFERROR(VLOOKUP(A19,Inv!$A$3:'Inv'!$E$2002,3,FALSE),"") -> 1.453 | E19: =IFERROR(VLOOKUP(A19,Inv!$A$3:'Inv'!$E$2002,4,FALSE),"") -> 2.616 | F19: =IFERROR(VLOOKUP(A19,Inv!$A$3:'Inv'!$E$2002,5,FALSE),"") -> SQFT | G19: 0 | I19: =IFERROR(E19*G19,"") -> 0
A20: 48" 3635-222 Dual-Color Blck | B20: =IFERROR(VLOOKUP(A20,Inv!$A$3:'Inv'!$E$2002,2,FALSE),"") -> 19095 | C20: =IFERROR(VLOOKUP(A20,Inv!$A$3:'Inv'!$E$2002,3,FALSE),"") -> 4.548 | E20: =IFERROR(VLOOKUP(A20,Inv!$A$3:'Inv'!$E$2002,4,FALSE),"") -> 8.187 | F20: =IFERROR(VLOOKUP(A20,Inv!$A$3:'Inv'!$E$2002,5,FALSE),"") -> SQFT | G20: 0 | I20: =IFERROR(E20*G20,"") -> 0
B21: =IFERROR(VLOOKUP(A21,Inv!$A$3:'Inv'!$E$2002,2,FALSE),"") | C21: =IFERROR(VLOOKUP(A21,Inv!$A$3:'Inv'!$E$2002,3,FALSE),"") | E21: =IFERROR(VLOOKUP(A21,Inv!$A$3:'Inv'!$E$2002,4,FALSE),"") | F21: =IFERROR(VLOOKUP(A21,Inv!$A$3:'Inv'!$E$2002,5,FALSE),"") | G21: 0 | I21: =IFERROR(E21*G21,"")
B22: =IFERROR(VLOOKUP(A22,Inv!$A$3:'Inv'!$E$2002,2,FALSE),"") | C22: =IFERROR(VLOOKUP(A22,Inv!$A$3:'Inv'!$E$2002,3,FALSE),"") | E22: =IFERROR(VLOOKUP(A22,Inv!$A$3:'Inv'!$E$2002,4,FALSE),"") | F22: =IFERROR(VLOOKUP(A22,Inv!$A$3:'Inv'!$E$2002,5,FALSE),"") | I22: =IFERROR(E22*G22,"")
B23: =IFERROR(VLOOKUP(A23,Inv!$A$3:'Inv'!$E$2002,2,FALSE),"") | C23: =IFERROR(VLOOKUP(A23,Inv!$A$3:'Inv'!$E$2002,3,FALSE),"") | E23: =IFERROR(VLOOKUP(A23,Inv!$A$3:'Inv'!$E$2002,4,FALSE),"") | F23: =IFERROR(VLOOKUP(A23,Inv!$A$3:'Inv'!$E$2002,5,FALSE),"") | I23: =IFERROR(E23*G23,"")
B24: =IFERROR(VLOOKUP(A24,Inv!$A$3:'Inv'!$E$2002,2,FALSE),"") | C24: =IFERROR(VLOOKUP(A24,Inv!$A$3:'Inv'!$E$2002,3,FALSE),"") | E24: =IFERROR(VLOOKUP(A24,Inv!$A$3:'Inv'!$E$2002,4,FALSE),"") | F24: =IFERROR(VLOOKUP(A24,Inv!$A$3:'Inv'!$E$2002,5,FALSE),"") | I24: =IFERROR(E24*G24,"")
B25: =IFERROR(VLOOKUP(A25,Inv!$A$3:'Inv'!$E$2002,2,FALSE),"") | C25: =IFERROR(VLOOKUP(A25,Inv!$A$3:'Inv'!$E$2002,3,FALSE),"") | E25: =IFERROR(VLOOKUP(A25,Inv!$A$3:'Inv'!$E$2002,4,FALSE),"") | F25: =IFERROR(VLOOKUP(A25,Inv!$A$3:'Inv'!$E$2002,5,FALSE),"") | I25: =IFERROR(E25*G25,"")
B26: =IFERROR(VLOOKUP(A26,Inv!$A$3:'Inv'!$E$2002,2,FALSE),"") | C26: =IFERROR(VLOOKUP(A26,Inv!$A$3:'Inv'!$E$2002,3,FALSE),"") | E26: =IFERROR(VLOOKUP(A26,Inv!$A$3:'Inv'!$E$2002,4,FALSE),"") | F26: =IFERROR(VLOOKUP(A26,Inv!$A$3:'Inv'!$E$2002,5,FALSE),"") | I26: =IFERROR(E26*G26,"")
B27: =IFERROR(VLOOKUP(A27,Inv!$A$3:'Inv'!$E$2002,2,FALSE),"") | C27: =IFERROR(VLOOKUP(A27,Inv!$A$3:'Inv'!$E$2002,3,FALSE),"") | E27: =IFERROR(VLOOKUP(A27,Inv!$A$3:'Inv'!$E$2002,4,FALSE),"") | F27: =IFERROR(VLOOKUP(A27,Inv!$A$3:'Inv'!$E$2002,5,FALSE),"") | I27: =IFERROR(E27*G27,"")
B28: =IFERROR(VLOOKUP(A28,Inv!$A$3:'Inv'!$E$2002,2,FALSE),"") | C28: =IFERROR(VLOOKUP(A28,Inv!$A$3:'Inv'!$E$2002,3,FALSE),"") | E28: =IFERROR(VLOOKUP(A28,Inv!$A$3:'Inv'!$E$2002,4,FALSE),"") | F28: =IFERROR(VLOOKUP(A28,Inv!$A$3:'Inv'!$E$2002,5,FALSE),"") | I28: =IFERROR(E28*G28,"")
B29: =IFERROR(VLOOKUP(A29,Inv!$A$3:'Inv'!$E$2002,2,FALSE),"") | C29: =IFERROR(VLOOKUP(A29,Inv!$A$3:'Inv'!$E$2002,3,FALSE),"") | E29: =IFERROR(VLOOKUP(A29,Inv!$A$3:'Inv'!$E$2002,4,FALSE),"") | F29: =IFERROR(VLOOKUP(A29,Inv!$A$3:'Inv'!$E$2002,5,FALSE),"") | I29: =IFERROR(E29*G29,"")
B30: =IFERROR(VLOOKUP(A30,Inv!$A$3:'Inv'!$E$2002,2,FALSE),"") | C30: =IFERROR(VLOOKUP(A30,Inv!$A$3:'Inv'!$E$2002,3,FALSE),"") | E30: =IFERROR(VLOOKUP(A30,Inv!$A$3:'Inv'!$E$2002,4,FALSE),"") | F30: =IFERROR(VLOOKUP(A30,Inv!$A$3:'Inv'!$E$2002,5,FALSE),"") | I30: =IFERROR(E30*G30,"")
A31: Shop labor
A32: Labor Work Code # | B32: Work Code Description | E32: Sqft to Process | F32: Sqft/Hr | G32: Estimated Hours | H32: Hourly Rate | I32: Total
A33: 2416 | B33: =IFERROR(VLOOKUP(A33,WC!$A$6:'WC'!$C$30,2,FALSE),"") -> Graphics Application Labor | E33: =B46 -> 35 | F33: =IF(B5<>"Flat",B48,B47) -> 32 | G33: =CEILING(E33/F33,RateData!B84) -> 1.25 | H33: =IFERROR(VLOOKUP(A33,WC!$A$6:'WC'!$C$30,3,FALSE),"") -> 97 | I33: =IFERROR(G33*H33,"") -> 121.25
B34: =IFERROR(VLOOKUP(A34,WC!$A$6:'WC'!$C$30,2,FALSE),"") | H34: =IFERROR(VLOOKUP(A34,WC!$A$6:'WC'!$C$30,3,FALSE),"") | I34: =IFERROR(G34*H34,"")
B35: =IFERROR(VLOOKUP(A35,WC!$A$6:'WC'!$C$30,2,FALSE),"") | H35: =IFERROR(VLOOKUP(A35,WC!$A$6:'WC'!$C$30,3,FALSE),"") | I35: =IFERROR(G35*H35,"")
B36: =IFERROR(VLOOKUP(A36,WC!$A$6:'WC'!$C$30,2,FALSE),"") | H36: =IFERROR(VLOOKUP(A36,WC!$A$6:'WC'!$C$30,3,FALSE),"") | I36: =IFERROR(G36*H36,"")
B37: =IFERROR(VLOOKUP(A37,WC!$A$6:'WC'!$C$30,2,FALSE),"") | H37: =IFERROR(VLOOKUP(A37,WC!$A$6:'WC'!$C$30,3,FALSE),"") | I37: =IFERROR(G37*H37,"")
B38: =IFERROR(VLOOKUP(A38,WC!$A$6:'WC'!$C$30,2,FALSE),"") | H38: =IFERROR(VLOOKUP(A38,WC!$A$6:'WC'!$C$30,3,FALSE),"") | I38: =IFERROR(G38*H38,"")
B39: =IFERROR(VLOOKUP(A39,WC!$A$6:'WC'!$C$30,2,FALSE),"") | H39: =IFERROR(VLOOKUP(A39,WC!$A$6:'WC'!$C$30,3,FALSE),"") | I39: =IFERROR(G39*H39,"")
B40: =IFERROR(VLOOKUP(A40,WC!$A$6:'WC'!$C$30,2,FALSE),"") | H40: =IFERROR(VLOOKUP(A40,WC!$A$6:'WC'!$C$30,3,FALSE),"") | I40: =IFERROR(G40*H40,"")
B41: =IFERROR(VLOOKUP(A41,WC!$A$6:'WC'!$C$30,2,FALSE),"") | H41: =IFERROR(VLOOKUP(A41,WC!$A$6:'WC'!$C$30,3,FALSE),"") | I41: =IFERROR(G41*H41,"")
B42: =IFERROR(VLOOKUP(A42,WC!$A$6:'WC'!$C$30,2,FALSE),"") | H42: =IFERROR(VLOOKUP(A42,WC!$A$6:'WC'!$C$30,3,FALSE),"") | I42: =IFERROR(G42*H42,"")
B43: =IFERROR(VLOOKUP(A43,WC!$A$6:'WC'!$C$30,2,FALSE),"") | H43: =IFERROR(VLOOKUP(A43,WC!$A$6:'WC'!$C$30,3,FALSE),"") | I43: =IFERROR(G43*H43,"")
B44: =IFERROR(VLOOKUP(A44,WC!$A$6:'WC'!$C$30,2,FALSE),"") | H44: =IFERROR(VLOOKUP(A44,WC!$A$6:'WC'!$C$30,3,FALSE),"") | I44: =IFERROR(G44*H44,"")
A45: Formula calculation details below DO NOT ALTER | D45: Data in RateData sheet
A46: sqft | B46: =(B7*B8/144)*B6 -> 35 | C46: default work code | D46: 2416 | F46: Flat
A47: Vinyl application flat surface sqft/hour | B47: =RateData!B2 -> 32 | F47: Push Through
A48: Vinyl application push through sqft/hour | B48: =RateData!B3 -> 15

Sheet Alum pan sign
A1: Alum pan sign without graphics
A2: Job number | B2: ='HEADER INFO'!B2 -> J36938
A3: Job name | B3: ='HEADER INFO'!B3 -> Community National Bank and Trust
B4: Rectangular | C4: <<<Choose Rectangular or Radius/Angle shape
B5: 0 | C5: <<< Choose number of extra paint colors over 1 standard
A6: Number of pans? | B6: 1
A7: Height inches? | B7: 0
A8: Length inches? | B8: 0
A9: Depth? (2" std) | B9: 2
A10: Total price | B10: =SUM(I17:I44) -> 0
A15: Inventory items
A16: Inventory Item Description | B16: Inventory # | C16: Unit Cost | E16: Unit Price | F16: Unit Measure | G16: Units Needed | I16: Total
A17: .090 Mil Alum 3003 | B17: =IFERROR(VLOOKUP(A17,Inv!$A$3:'Inv'!$E$2002,2,FALSE),"") -> 24055 | C17: =IFERROR(VLOOKUP(A17,Inv!$A$3:'Inv'!$E$2002,3,FALSE),"") -> 4.187 | E17: =IFERROR(VLOOKUP(A17,Inv!$A$3:'Inv'!$E$2002,4,FALSE),"") -> 7.537 | F17: =IFERROR(VLOOKUP(A17,Inv!$A$3:'Inv'!$E$2002,5,FALSE),"") -> SQFT | G17: =CEILING(B46,20) -> 0 | I17: =IFERROR(E17*G17,"") -> 0
A18: 1.5x1.5x.187 SqCrnrArcAlAng 20' | B18: =IFERROR(VLOOKUP(A18,Inv!$A$3:'Inv'!$E$2002,2,FALSE),"") -> 20040 | C18: =IFERROR(VLOOKUP(A18,Inv!$A$3:'Inv'!$E$2002,3,FALSE),"") -> 2.582 | E18: =IFERROR(VLOOKUP(A18,Inv!$A$3:'Inv'!$E$2002,4,FALSE),"") -> 4.648 | F18: =IFERROR(VLOOKUP(A18,Inv!$A$3:'Inv'!$E$2002,5,FALSE),"") -> FT | G18: =CEILING(B51,10) -> 0 | I18: =IFERROR(E18*G18,"") -> 0
A19: 2x2x.187 SqCrnrArcAl Ang 20' | B19: =IFERROR(VLOOKUP(A19,Inv!$A$3:'Inv'!$E$2002,2,FALSE),"") -> 20050 | C19: =IFERROR(VLOOKUP(A19,Inv!$A$3:'Inv'!$E$2002,3,FALSE),"") -> 3.444 | E19: =IFERROR(VLOOKUP(A19,Inv!$A$3:'Inv'!$E$2002,4,FALSE),"") -> 6.2 | F19: =IFERROR(VLOOKUP(A19,Inv!$A$3:'Inv'!$E$2002,5,FALSE),"") -> FT | G19: =CEILING(B51,10) -> 0 | I19: =IFERROR(E19*G19,"") -> 0
A20: Estimate for Custom Paint Color | B20: =IFERROR(VLOOKUP(A20,Inv!$A$3:'Inv'!$E$2002,2,FALSE),"") -> EST PAINT - CUSTOM | C20: =IFERROR(VLOOKUP(A20,Inv!$A$3:'Inv'!$E$2002,3,FALSE),"") -> 0.02856 | E20: =IFERROR(VLOOKUP(A20,Inv!$A$3:'Inv'!$E$2002,4,FALSE),"") -> 0.051 | F20: =IFERROR(VLOOKUP(A20,Inv!$A$3:'Inv'!$E$2002,5,FALSE),"") -> GM | G20: =IF(B46<>0,MAX(1471,(B53*B50)+E47),0) -> 0 | I20: =IFERROR(E20*G20,"") -> 0
A21: Estimate for Misc Hardware & Adhesive Materials | B21: =IFERROR(VLOOKUP(A21,Inv!$A$3:'Inv'!$E$2002,2,FALSE),"") -> EST HARDWARE-ADHESIV | C21: =IFERROR(VLOOKUP(A21,Inv!$A$3:'Inv'!$E$2002,3,FALSE),"") -> 0 | E21: =IFERROR(VLOOKUP(A21,Inv!$A$3:'Inv'!$E$2002,4,FALSE),"") -> 3 | F21: =IFERROR(VLOOKUP(A21,Inv!$A$3:'Inv'!$E$2002,5,FALSE),"") -> SQFT | G21: =IF(B46 <> 0,MAX(13,B46),0) -> 0 | I21: =IFERROR(E21*G21,"") -> 0
B22: =IFERROR(VLOOKUP(A22,Inv!$A$3:'Inv'!$E$2002,2,FALSE),"") | C22: =IFERROR(VLOOKUP(A22,Inv!$A$3:'Inv'!$E$2002,3,FALSE),"") | E22: =IFERROR(VLOOKUP(A22,Inv!$A$3:'Inv'!$E$2002,4,FALSE),"") | F22: =IFERROR(VLOOKUP(A22,Inv!$A$3:'Inv'!$E$2002,5,FALSE),"") | I22: =IFERROR(E22*G22,"")
B23: =IFERROR(VLOOKUP(A23,Inv!$A$3:'Inv'!$E$2002,2,FALSE),"") | C23: =IFERROR(VLOOKUP(A23,Inv!$A$3:'Inv'!$E$2002,3,FALSE),"") | E23: =IFERROR(VLOOKUP(A23,Inv!$A$3:'Inv'!$E$2002,4,FALSE),"") | F23: =IFERROR(VLOOKUP(A23,Inv!$A$3:'Inv'!$E$2002,5,FALSE),"") | I23: =IFERROR(E23*G23,"")
B24: =IFERROR(VLOOKUP(A24,Inv!$A$3:'Inv'!$E$2002,2,FALSE),"") | C24: =IFERROR(VLOOKUP(A24,Inv!$A$3:'Inv'!$E$2002,3,FALSE),"") | E24: =IFERROR(VLOOKUP(A24,Inv!$A$3:'Inv'!$E$2002,4,FALSE),"") | F24: =IFERROR(VLOOKUP(A24,Inv!$A$3:'Inv'!$E$2002,5,FALSE),"") | I24: =IFERROR(E24*G24,"")
B25: =IFERROR(VLOOKUP(A25,Inv!$A$3:'Inv'!$E$2002,2,FALSE),"") | C25: =IFERROR(VLOOKUP(A25,Inv!$A$3:'Inv'!$E$2002,3,FALSE),"") | E25: =IFERROR(VLOOKUP(A25,Inv!$A$3:'Inv'!$E$2002,4,FALSE),"") | F25: =IFERROR(VLOOKUP(A25,Inv!$A$3:'Inv'!$E$2002,5,FALSE),"") | I25: =IFERROR(E25*G25,"")
B26: =IFERROR(VLOOKUP(A26,Inv!$A$3:'Inv'!$E$2002,2,FALSE),"") | C26: =IFERROR(VLOOKUP(A26,Inv!$A$3:'Inv'!$E$2002,3,FALSE),"") | E26: =IFERROR(VLOOKUP(A26,Inv!$A$3:'Inv'!$E$2002,4,FALSE),"") | F26: =IFERROR(VLOOKUP(A26,Inv!$A$3:'Inv'!$E$2002,5,FALSE),"") | I26: =IFERROR(E26*G26,"")
B27: =IFERROR(VLOOKUP(A27,Inv!$A$3:'Inv'!$E$2002,2,FALSE),"") | C27: =IFERROR(VLOOKUP(A27,Inv!$A$3:'Inv'!$E$2002,3,FALSE),"") | E27: =IFERROR(VLOOKUP(A27,Inv!$A$3:'Inv'!$E$2002,4,FALSE),"") | F27: =IFERROR(VLOOKUP(A27,Inv!$A$3:'Inv'!$E$2002,5,FALSE),"") | I27: =IFERROR(E27*G27,"")
B28: =IFERROR(VLOOKUP(A28,Inv!$A$3:'Inv'!$E$2002,2,FALSE),"") | C28: =IFERROR(VLOOKUP(A28,Inv!$A$3:'Inv'!$E$2002,3,FALSE),"") | E28: =IFERROR(VLOOKUP(A28,Inv!$A$3:'Inv'!$E$2002,4,FALSE),"") | F28: =IFERROR(VLOOKUP(A28,Inv!$A$3:'Inv'!$E$2002,5,FALSE),"") | I28: =IFERROR(E28*G28,"")
B29: =IFERROR(VLOOKUP(A29,Inv!$A$3:'Inv'!$E$2002,2,FALSE),"") | C29: =IFERROR(VLOOKUP(A29,Inv!$A$3:'Inv'!$E$2002,3,FALSE),"") | E29: =IFERROR(VLOOKUP(A29,Inv!$A$3:'Inv'!$E$2002,4,FALSE),"") | F29: =IFERROR(VLOOKUP(A29,Inv!$A$3:'Inv'!$E$2002,5,FALSE),"") | I29: =IFERROR(E29*G29,"")
B30: =IFERROR(VLOOKUP(A30,Inv!$A$3:'Inv'!$E$2002,2,FALSE),"") | C30: =IFERROR(VLOOKUP(A30,Inv!$A$3:'Inv'!$E$2002,3,FALSE),"") | E30: =IFERROR(VLOOKUP(A30,Inv!$A$3:'Inv'!$E$2002,4,FALSE),"") | F30: =IFERROR(VLOOKUP(A30,Inv!$A$3:'Inv'!$E$2002,5,FALSE),"") | I30: =IFERROR(E30*G30,"")
A31: Shop labor
A32: Labor Work Code # | B32: Work Code Description | E32: Sqft to Process | F32: Sqft/Hr | G32: Estimated Hours | H32: Hourly Rate | I32: Total
A33: 2011 | B33: =IFERROR(VLOOKUP(A33,WC!$A$6:'WC'!$C$30,2,FALSE),"") -> Cabinet Metal Labor | E33: =B46 -> 0 | F33: =VLOOKUP(E33,A57:B61,2,TRUE) -> 1.9 | G33: =CEILING(E33/F33,RateData!B84) -> 0 | H33: =IFERROR(VLOOKUP(A33,WC!$A$6:'WC'!$C$30,3,FALSE),"") -> 97 | I33: =IFERROR(G33*H33,"") -> 0
A34: 2110 | B34: =IFERROR(VLOOKUP(A34,WC!$A$6:'WC'!$C$30,2,FALSE),"") -> Paint Prep Labor | E34: =B53 -> 0 | F34: =B48 -> 43.75 | G34: =CEILING(E34/F34,RateData!B84) -> 0 | H34: =IFERROR(VLOOKUP(A34,WC!$A$6:'WC'!$C$30,3,FALSE),"") -> 97 | I34: =IFERROR(G34*H34,"") -> 0
A35: 2112 | B35: =IFERROR(VLOOKUP(A35,WC!$A$6:'WC'!$C$30,2,FALSE),"") -> Paint Cabinet & Letters Labor | E35: =B53 -> 0 | F35: =B49 -> 28.5 | G35: =CEILING(E35/F35,RateData!B84) -> 0 | H35: =IFERROR(VLOOKUP(A35,WC!$A$6:'WC'!$C$30,3,FALSE),"") -> 97 | I35: =IFERROR(G35*H35,"") -> 0
A36: 2110 | B36: =IFERROR(VLOOKUP(A36,WC!$A$6:'WC'!$C$30,2,FALSE),"") -> Paint Prep Labor | D36: Extra color masking | G36: =IF(B53<>0,B5,0) -> 0 | H36: =IFERROR(VLOOKUP(A36,WC!$A$6:'WC'!$C$30,3,FALSE),"") -> 97 | I36: =IFERROR(G36*H36,"") -> 0
A37: 2011 | B37: =IFERROR(VLOOKUP(A37,WC!$A$6:'WC'!$C$30,2,FALSE),"") -> Cabinet Metal Labor | D37: Radius/Angle | G37: =IF(B4="Radius/Angle",G33*H53,0) -> 0 | H37: =IFERROR(VLOOKUP(A37,WC!$A$6:'WC'!$C$30,3,FALSE),"") -> 97 | I37: =IFERROR(G37*H37,"") -> 0
B38: =IFERROR(VLOOKUP(A38,WC!$A$6:'WC'!$C$30,2,FALSE),"") | H38: =IFERROR(VLOOKUP(A38,WC!$A$6:'WC'!$C$30,3,FALSE),"") | I38: =IFERROR(G38*H38,"")
B39: =IFERROR(VLOOKUP(A39,WC!$A$6:'WC'!$C$30,2,FALSE),"") | H39: =IFERROR(VLOOKUP(A39,WC!$A$6:'WC'!$C$30,3,FALSE),"") | I39: =IFERROR(G39*H39,"")
B40: =IFERROR(VLOOKUP(A40,WC!$A$6:'WC'!$C$30,2,FALSE),"") | H40: =IFERROR(VLOOKUP(A40,WC!$A$6:'WC'!$C$30,3,FALSE),"") | I40: =IFERROR(G40*H40,"")
B41: =IFERROR(VLOOKUP(A41,WC!$A$6:'WC'!$C$30,2,FALSE),"") | H41: =IFERROR(VLOOKUP(A41,WC!$A$6:'WC'!$C$30,3,FALSE),"") | I41: =IFERROR(G41*H41,"")
B42: =IFERROR(VLOOKUP(A42,WC!$A$6:'WC'!$C$30,2,FALSE),"") | H42: =IFERROR(VLOOKUP(A42,WC!$A$6:'WC'!$C$30,3,FALSE),"") | I42: =IFERROR(G42*H42,"")
B43: =IFERROR(VLOOKUP(A43,WC!$A$6:'WC'!$C$30,2,FALSE),"") | H43: =IFERROR(VLOOKUP(A43,WC!$A$6:'WC'!$C$30,3,FALSE),"") | I43: =IFERROR(G43*H43,"")
B44: =IFERROR(VLOOKUP(A44,WC!$A$6:'WC'!$C$30,2,FALSE),"") | H44: =IFERROR(VLOOKUP(A44,WC!$A$6:'WC'!$C$30,3,FALSE),"") | I44: =IFERROR(G44*H44,"")
A45: Formula calculation details below DO NOT ALTER | C45: Data in RateData sheet
A46: sqft | B46: =(B7*B8/144)*B6 -> 0 | D46: Extra paint color percentage | E46: =RateData!B5 -> 0.1 | G46: 0 | H46: number of colors list
D47: extra paint color materials | E47: =B53*B50*E46*B5 -> 0 | G47: 1
A48: Pan paint prep sqft/hour | B48: =RateData!B8 -> 43.75 | G48: 2
A49: Pan paint sqft/hour | B49: =RateData!B9 -> 28.5 | G49: 3
A50: Grams of paint/sqft | B50: =RateData!B4 -> 100 | G50: 4
A51: perimeter | B51: =(((B7+B8)*2)/12)*B6 -> 0 | G51: 5
A52: area of filler | B52: =(B9/12)*B51 -> 0 | G52: Rectangular | H52: 0
A53: paint area w/filler | B53: =B46+B52 -> 0 | G53: Radius/Angle | H53: =RateData!B16 -> 0.25
A56: speed table lookup
A57: =RateData!B47 -> 0 | B57: =RateData!D47 -> 1.9
A58: =RateData!B48 -> 5 | B58: =RateData!D48 -> 3.8
A59: =RateData!B49 -> 25 | B59: =RateData!D49 -> 6.65
A60: =RateData!B50 -> 40 | B60: =RateData!D50 -> 9.5
A61: =RateData!B51 -> 50 | B61: =RateData!D51 -> 6.65

Sheet Alum pan sign (2)
A1: Alum pan sign without graphics
A2: Job number | B2: ='HEADER INFO'!B2 -> J36938
A3: Job name | B3: ='HEADER INFO'!B3 -> Community National Bank and Trust
B4: Rectangular | C4: <<<Choose Rectangular or Radius/Angle shape
B5: 0 | C5: <<< Choose number of extra paint colors over 1 standard
A6: Number of pans? | B6: 1
A7: Height inches? | B7: 0
A8: Length inches? | B8: 0
A9: Depth? (2" std) | B9: 2
A10: Total price | B10: =SUM(I17:I44) -> 0
A15: Inventory items
A16: Inventory Item Description | B16: Inventory # | C16: Unit Cost | E16: Unit Price | F16: Unit Measure | G16: Units Needed | I16: Total
A17: .090 Mil Alum 3003 | B17: =IFERROR(VLOOKUP(A17,Inv!$A$3:'Inv'!$E$2002,2,FALSE),"") -> 24055 | C17: =IFERROR(VLOOKUP(A17,Inv!$A$3:'Inv'!$E$2002,3,FALSE),"") -> 4.187 | E17: =IFERROR(VLOOKUP(A17,Inv!$A$3:'Inv'!$E$2002,4,FALSE),"") -> 7.537 | F17: =IFERROR(VLOOKUP(A17,Inv!$A$3:'Inv'!$E$2002,5,FALSE),"") -> SQFT | G17: =CEILING(B46,20) -> 0 | I17: =IFERROR(E17*G17,"") -> 0
A18: 1.5x1.5x.187 SqCrnrArcAlAng 20' | B18: =IFERROR(VLOOKUP(A18,Inv!$A$3:'Inv'!$E$2002,2,FALSE),"") -> 20040 | C18: =IFERROR(VLOOKUP(A18,Inv!$A$3:'Inv'!$E$2002,3,FALSE),"") -> 2.582 | E18: =IFERROR(VLOOKUP(A18,Inv!$A$3:'Inv'!$E$2002,4,FALSE),"") -> 4.648 | F18: =IFERROR(VLOOKUP(A18,Inv!$A$3:'Inv'!$E$2002,5,FALSE),"") -> FT | G18: =CEILING(B51,10) -> 0 | I18: =IFERROR(E18*G18,"") -> 0
A19: 2x2x.187 SqCrnrArcAl Ang 20' | B19: =IFERROR(VLOOKUP(A19,Inv!$A$3:'Inv'!$E$2002,2,FALSE),"") -> 20050 | C19: =IFERROR(VLOOKUP(A19,Inv!$A$3:'Inv'!$E$2002,3,FALSE),"") -> 3.444 | E19: =IFERROR(VLOOKUP(A19,Inv!$A$3:'Inv'!$E$2002,4,FALSE),"") -> 6.2 | F19: =IFERROR(VLOOKUP(A19,Inv!$A$3:'Inv'!$E$2002,5,FALSE),"") -> FT | G19: =CEILING(B51,10) -> 0 | I19: =IFERROR(E19*G19,"") -> 0
A20: Estimate for Custom Paint Color | B20: =IFERROR(VLOOKUP(A20,Inv!$A$3:'Inv'!$E$2002,2,FALSE),"") -> EST PAINT - CUSTOM | C20: =IFERROR(VLOOKUP(A20,Inv!$A$3:'Inv'!$E$2002,3,FALSE),"") -> 0.02856 | E20: =IFERROR(VLOOKUP(A20,Inv!$A$3:'Inv'!$E$2002,4,FALSE),"") -> 0.051 | F20: =IFERROR(VLOOKUP(A20,Inv!$A$3:'Inv'!$E$2002,5,FALSE),"") -> GM | G20: =IF(B46<>0,MAX(1471,(B53*B50)+E47),0) -> 0 | I20: =IFERROR(E20*G20,"") -> 0
A21: Estimate for Misc Hardware & Adhesive Materials | B21: =IFERROR(VLOOKUP(A21,Inv!$A$3:'Inv'!$E$2002,2,FALSE),"") -> EST HARDWARE-ADHESIV | C21: =IFERROR(VLOOKUP(A21,Inv!$A$3:'Inv'!$E$2002,3,FALSE),"") -> 0 | E21: =IFERROR(VLOOKUP(A21,Inv!$A$3:'Inv'!$E$2002,4,FALSE),"") -> 3 | F21: =IFERROR(VLOOKUP(A21,Inv!$A$3:'Inv'!$E$2002,5,FALSE),"") -> SQFT | G21: =IF(B46 <> 0,MAX(13,B46),0) -> 0 | I21: =IFERROR(E21*G21,"") -> 0
B22: =IFERROR(VLOOKUP(A22,Inv!$A$3:'Inv'!$E$2002,2,FALSE),"") | C22: =IFERROR(VLOOKUP(A22,Inv!$A$3:'Inv'!$E$2002,3,FALSE),"") | E22: =IFERROR(VLOOKUP(A22,Inv!$A$3:'Inv'!$E$2002,4,FALSE),"") | F22: =IFERROR(VLOOKUP(A22,Inv!$A$3:'Inv'!$E$2002,5,FALSE),"") | I22: =IFERROR(E22*G22,"")
B23: =IFERROR(VLOOKUP(A23,Inv!$A$3:'Inv'!$E$2002,2,FALSE),"") | C23: =IFERROR(VLOOKUP(A23,Inv!$A$3:'Inv'!$E$2002,3,FALSE),"") | E23: =IFERROR(VLOOKUP(A23,Inv!$A$3:'Inv'!$E$2002,4,FALSE),"") | F23: =IFERROR(VLOOKUP(A23,Inv!$A$3:'Inv'!$E$2002,5,FALSE),"") | I23: =IFERROR(E23*G23,"")
B24: =IFERROR(VLOOKUP(A24,Inv!$A$3:'Inv'!$E$2002,2,FALSE),"") | C24: =IFERROR(VLOOKUP(A24,Inv!$A$3:'Inv'!$E$2002,3,FALSE),"") | E24: =IFERROR(VLOOKUP(A24,Inv!$A$3:'Inv'!$E$2002,4,FALSE),"") | F24: =IFERROR(VLOOKUP(A24,Inv!$A$3:'Inv'!$E$2002,5,FALSE),"") | I24: =IFERROR(E24*G24,"")
B25: =IFERROR(VLOOKUP(A25,Inv!$A$3:'Inv'!$E$2002,2,FALSE),"") | C25: =IFERROR(VLOOKUP(A25,Inv!$A$3:'Inv'!$E$2002,3,FALSE),"") | E25: =IFERROR(VLOOKUP(A25,Inv!$A$3:'Inv'!$E$2002,4,FALSE),"") | F25: =IFERROR(VLOOKUP(A25,Inv!$A$3:'Inv'!$E$2002,5,FALSE),"") | I25: =IFERROR(E25*G25,"")
B26: =IFERROR(VLOOKUP(A26,Inv!$A$3:'Inv'!$E$2002,2,FALSE),"") | C26: =IFERROR(VLOOKUP(A26,Inv!$A$3:'Inv'!$E$2002,3,FALSE),"") | E26: =IFERROR(VLOOKUP(A26,Inv!$A$3:'Inv'!$E$2002,4,FALSE),"") | F26: =IFERROR(VLOOKUP(A26,Inv!$A$3:'Inv'!$E$2002,5,FALSE),"") | I26: =IFERROR(E26*G26,"")
B27: =IFERROR(VLOOKUP(A27,Inv!$A$3:'Inv'!$E$2002,2,FALSE),"") | C27: =IFERROR(VLOOKUP(A27,Inv!$A$3:'Inv'!$E$2002,3,FALSE),"") | E27: =IFERROR(VLOOKUP(A27,Inv!$A$3:'Inv'!$E$2002,4,FALSE),"") | F27: =IFERROR(VLOOKUP(A27,Inv!$A$3:'Inv'!$E$2002,5,FALSE),"") | I27: =IFERROR(E27*G27,"")
B28: =IFERROR(VLOOKUP(A28,Inv!$A$3:'Inv'!$E$2002,2,FALSE),"") | C28: =IFERROR(VLOOKUP(A28,Inv!$A$3:'Inv'!$E$2002,3,FALSE),"") | E28: =IFERROR(VLOOKUP(A28,Inv!$A$3:'Inv'!$E$2002,4,FALSE),"") | F28: =IFERROR(VLOOKUP(A28,Inv!$A$3:'Inv'!$E$2002,5,FALSE),"") | I28: =IFERROR(E28*G28,"")
B29: =IFERROR(VLOOKUP(A29,Inv!$A$3:'Inv'!$E$2002,2,FALSE),"") | C29: =IFERROR(VLOOKUP(A29,Inv!$A$3:'Inv'!$E$2002,3,FALSE),"") | E29: =IFERROR(VLOOKUP(A29,Inv!$A$3:'Inv'!$E$2002,4,FALSE),"") | F29: =IFERROR(VLOOKUP(A29,Inv!$A$3:'Inv'!$E$2002,5,FALSE),"") | I29: =IFERROR(E29*G29,"")
B30: =IFERROR(VLOOKUP(A30,Inv!$A$3:'Inv'!$E$2002,2,FALSE),"") | C30: =IFERROR(VLOOKUP(A30,Inv!$A$3:'Inv'!$E$2002,3,FALSE),"") | E30: =IFERROR(VLOOKUP(A30,Inv!$A$3:'Inv'!$E$2002,4,FALSE),"") | F30: =IFERROR(VLOOKUP(A30,Inv!$A$3:'Inv'!$E$2002,5,FALSE),"") | I30: =IFERROR(E30*G30,"")
A31: Shop labor
A32: Labor Work Code # | B32: Work Code Description | E32: Sqft to Process | F32: Sqft/Hr | G32: Estimated Hours | H32: Hourly Rate | I32: Total
A33: 2011 | B33: =IFERROR(VLOOKUP(A33,WC!$A$6:'WC'!$C$30,2,FALSE),"") -> Cabinet Metal Labor | E33: =B46 -> 0 | F33: =VLOOKUP(E33,A57:B61,2,TRUE) -> 1.9 | G33: =CEILING(E33/F33,RateData!B84) -> 0 | H33: =IFERROR(VLOOKUP(A33,WC!$A$6:'WC'!$C$30,3,FALSE),"") -> 97 | I33: =IFERROR(G33*H33,"") -> 0
A34: 2110 | B34: =IFERROR(VLOOKUP(A34,WC!$A$6:'WC'!$C$30,2,FALSE),"") -> Paint Prep Labor | E34: =B53 -> 0 | F34: =B48 -> 43.75 | G34: =CEILING(E34/F34,RateData!B84) -> 0 | H34: =IFERROR(VLOOKUP(A34,WC!$A$6:'WC'!$C$30,3,FALSE),"") -> 97 | I34: =IFERROR(G34*H34,"") -> 0
A35: 2112 | B35: =IFERROR(VLOOKUP(A35,WC!$A$6:'WC'!$C$30,2,FALSE),"") -> Paint Cabinet & Letters Labor | E35: =B53 -> 0 | F35: =B49 -> 28.5 | G35: =CEILING(E35/F35,RateData!B84) -> 0 | H35: =IFERROR(VLOOKUP(A35,WC!$A$6:'WC'!$C$30,3,FALSE),"") -> 97 | I35: =IFERROR(G35*H35,"") -> 0
A36: 2110 | B36: =IFERROR(VLOOKUP(A36,WC!$A$6:'WC'!$C$30,2,FALSE),"") -> Paint Prep Labor | D36: Extra color masking | G36: =IF(B53<>0,B5,0) -> 0 | H36: =IFERROR(VLOOKUP(A36,WC!$A$6:'WC'!$C$30,3,FALSE),"") -> 97 | I36: =IFERROR(G36*H36,"") -> 0
A37: 2011 | B37: =IFERROR(VLOOKUP(A37,WC!$A$6:'WC'!$C$30,2,FALSE),"") -> Cabinet Metal Labor | D37: Radius/Angle | G37: =IF(B4="Radius/Angle",G33*H53,0) -> 0 | H37: =IFERROR(VLOOKUP(A37,WC!$A$6:'WC'!$C$30,3,FALSE),"") -> 97 | I37: =IFERROR(G37*H37,"") -> 0
B38: =IFERROR(VLOOKUP(A38,WC!$A$6:'WC'!$C$30,2,FALSE),"") | H38: =IFERROR(VLOOKUP(A38,WC!$A$6:'WC'!$C$30,3,FALSE),"") | I38: =IFERROR(G38*H38,"")
B39: =IFERROR(VLOOKUP(A39,WC!$A$6:'WC'!$C$30,2,FALSE),"") | H39: =IFERROR(VLOOKUP(A39,WC!$A$6:'WC'!$C$30,3,FALSE),"") | I39: =IFERROR(G39*H39,"")
B40: =IFERROR(VLOOKUP(A40,WC!$A$6:'WC'!$C$30,2,FALSE),"") | H40: =IFERROR(VLOOKUP(A40,WC!$A$6:'WC'!$C$30,3,FALSE),"") | I40: =IFERROR(G40*H40,"")
B41: =IFERROR(VLOOKUP(A41,WC!$A$6:'WC'!$C$30,2,FALSE),"") | H41: =IFERROR(VLOOKUP(A41,WC!$A$6:'WC'!$C$30,3,FALSE),"") | I41: =IFERROR(G41*H41,"")
B42: =IFERROR(VLOOKUP(A42,WC!$A$6:'WC'!$C$30,2,FALSE),"") | H42: =IFERROR(VLOOKUP(A42,WC!$A$6:'WC'!$C$30,3,FALSE),"") | I42: =IFERROR(G42*H42,"")
B43: =IFERROR(VLOOKUP(A43,WC!$A$6:'WC'!$C$30,2,FALSE),"") | H43: =IFERROR(VLOOKUP(A43,WC!$A$6:'WC'!$C$30,3,FALSE),"") | I43: =IFERROR(G43*H43,"")
B44: =IFERROR(VLOOKUP(A44,WC!$A$6:'WC'!$C$30,2,FALSE),"") | H44: =IFERROR(VLOOKUP(A44,WC!$A$6:'WC'!$C$30,3,FALSE),"") | I44: =IFERROR(G44*H44,"")
A45: Formula calculation details below DO NOT ALTER | C45: Data in RateData sheet
A46: sqft | B46: =(B7*B8/144)*B6 -> 0 | D46: Extra paint color percentage | E46: =RateData!B5 -> 0.1 | G46: 0 | H46: number of colors list
D47: extra paint color materials | E47: =B53*B50*E46*B5 -> 0 | G47: 1
A48: Pan paint prep sqft/hour | B48: =RateData!B8 -> 43.75 | G48: 2
A49: Pan paint sqft/hour | B49: =RateData!B9 -> 28.5 | G49: 3
A50: Grams of paint/sqft | B50: =RateData!B4 -> 100 | G50: 4
A51: perimeter | B51: =(((B7+B8)*2)/12)*B6 -> 0 | G51: 5
A52: area of filler | B52: =(B9/12)*B51 -> 0 | G52: Rectangular | H52: 0
A53: paint area w/filler | B53: =B46+B52 -> 0 | G53: Radius/Angle | H53: =RateData!B16 -> 0.25
A56: speed table lookup
A57: =RateData!B47 -> 0 | B57: =RateData!D47 -> 1.9
A58: =RateData!B48 -> 5 | B58: =RateData!D48 -> 3.8
A59: =RateData!B49 -> 25 | B59: =RateData!D49 -> 6.65
A60: =RateData!B50 -> 40 | B60: =RateData!D50 -> 9.5
A61: =RateData!B51 -> 50 | B61: =RateData!D51 -> 6.65

Sheet Economy pan sign
A1: Economy Pan Sign
A2: Job number | B2: ='HEADER INFO'!B2 -> J36938
A3: Job name | B3: ='HEADER INFO'!B3 -> Community National Bank and Trust
A6: Number of pans? | B6: 1
A7: Height inches? (44" max) | B7: 0 | C7: <<< 44" max
A8: Length inches? (116 max") | B8: 0 | C8: <<< 116 max"
A9: Depth only as 2" | B9: 2 | C9: <<< 2" only
A10: Total price | B10: =SUM(I17:I44) -> 0
A15: Inventory items
A16: Inventory Item Description | B16: Inventory # | C16: Unit Cost | E16: Unit Price | F16: Unit Measure | G16: Units Needed | I16: Total
A17: .063 White Alum | B17: =IFERROR(VLOOKUP(A17,Inv!$A$3:'Inv'!$E$2002,2,FALSE),"") -> 24035 | C17: =IFERROR(VLOOKUP(A17,Inv!$A$3:'Inv'!$E$2002,3,FALSE),"") -> 3.617 | E17: =IFERROR(VLOOKUP(A17,Inv!$A$3:'Inv'!$E$2002,4,FALSE),"") -> 6.511 | F17: =IFERROR(VLOOKUP(A17,Inv!$A$3:'Inv'!$E$2002,5,FALSE),"") -> SQFT | G17: =IF(B47<>0,B50*B51,0) -> 0 | I17: =IFERROR(E17*G17,"") -> 0
A18: 1.5 x 1.5 x .125 Arch Angle 24' | B18: =IFERROR(VLOOKUP(A18,Inv!$A$3:'Inv'!$E$2002,2,FALSE),"") -> 20017 | C18: =IFERROR(VLOOKUP(A18,Inv!$A$3:'Inv'!$E$2002,3,FALSE),"") -> 1.733 | E18: =IFERROR(VLOOKUP(A18,Inv!$A$3:'Inv'!$E$2002,4,FALSE),"") -> 3.12 | F18: =IFERROR(VLOOKUP(A18,Inv!$A$3:'Inv'!$E$2002,5,FALSE),"") -> FT | G18: =CEILING(B48,10) -> 0 | I18: =IFERROR(E18*G18,"") -> 0
A19: 2x2x.187 SqCrnrArcAl Ang 20' | B19: =IFERROR(VLOOKUP(A19,Inv!$A$3:'Inv'!$E$2002,2,FALSE),"") -> 20050 | C19: =IFERROR(VLOOKUP(A19,Inv!$A$3:'Inv'!$E$2002,3,FALSE),"") -> 3.444 | E19: =IFERROR(VLOOKUP(A19,Inv!$A$3:'Inv'!$E$2002,4,FALSE),"") -> 6.2 | F19: =IFERROR(VLOOKUP(A19,Inv!$A$3:'Inv'!$E$2002,5,FALSE),"") -> FT | G19: =CEILING(B48,10) -> 0 | I19: =IFERROR(E19*G19,"") -> 0
A20: Estimate for Misc Hardware & Adhesive Materials | B20: =IFERROR(VLOOKUP(A20,Inv!$A$3:'Inv'!$E$2002,2,FALSE),"") -> EST HARDWARE-ADHESIV | C20: =IFERROR(VLOOKUP(A20,Inv!$A$3:'Inv'!$E$2002,3,FALSE),"") -> 0 | E20: =IFERROR(VLOOKUP(A20,Inv!$A$3:'Inv'!$E$2002,4,FALSE),"") -> 3 | F20: =IFERROR(VLOOKUP(A20,Inv!$A$3:'Inv'!$E$2002,5,FALSE),"") -> SQFT | G20: =IF(B47<>0,MAX(13,B47),0) -> 0 | I20: =IFERROR(E20*G20,"") -> 0
B21: =IFERROR(VLOOKUP(A21,Inv!$A$3:'Inv'!$E$2002,2,FALSE),"") | C21: =IFERROR(VLOOKUP(A21,Inv!$A$3:'Inv'!$E$2002,3,FALSE),"") | E21: =IFERROR(VLOOKUP(A21,Inv!$A$3:'Inv'!$E$2002,4,FALSE),"") | F21: =IFERROR(VLOOKUP(A21,Inv!$A$3:'Inv'!$E$2002,5,FALSE),"") | I21: =IFERROR(E21*G21,"")
B22: =IFERROR(VLOOKUP(A22,Inv!$A$3:'Inv'!$E$2002,2,FALSE),"") | C22: =IFERROR(VLOOKUP(A22,Inv!$A$3:'Inv'!$E$2002,3,FALSE),"") | E22: =IFERROR(VLOOKUP(A22,Inv!$A$3:'Inv'!$E$2002,4,FALSE),"") | F22: =IFERROR(VLOOKUP(A22,Inv!$A$3:'Inv'!$E$2002,5,FALSE),"") | I22: =IFERROR(E22*G22,"")
B23: =IFERROR(VLOOKUP(A23,Inv!$A$3:'Inv'!$E$2002,2,FALSE),"") | C23: =IFERROR(VLOOKUP(A23,Inv!$A$3:'Inv'!$E$2002,3,FALSE),"") | E23: =IFERROR(VLOOKUP(A23,Inv!$A$3:'Inv'!$E$2002,4,FALSE),"") | F23: =IFERROR(VLOOKUP(A23,Inv!$A$3:'Inv'!$E$2002,5,FALSE),"") | I23: =IFERROR(E23*G23,"")
B24: =IFERROR(VLOOKUP(A24,Inv!$A$3:'Inv'!$E$2002,2,FALSE),"") | C24: =IFERROR(VLOOKUP(A24,Inv!$A$3:'Inv'!$E$2002,3,FALSE),"") | E24: =IFERROR(VLOOKUP(A24,Inv!$A$3:'Inv'!$E$2002,4,FALSE),"") | F24: =IFERROR(VLOOKUP(A24,Inv!$A$3:'Inv'!$E$2002,5,FALSE),"") | I24: =IFERROR(E24*G24,"")
B25: =IFERROR(VLOOKUP(A25,Inv!$A$3:'Inv'!$E$2002,2,FALSE),"") | C25: =IFERROR(VLOOKUP(A25,Inv!$A$3:'Inv'!$E$2002,3,FALSE),"") | E25: =IFERROR(VLOOKUP(A25,Inv!$A$3:'Inv'!$E$2002,4,FALSE),"") | F25: =IFERROR(VLOOKUP(A25,Inv!$A$3:'Inv'!$E$2002,5,FALSE),"") | I25: =IFERROR(E25*G25,"")
B26: =IFERROR(VLOOKUP(A26,Inv!$A$3:'Inv'!$E$2002,2,FALSE),"") | C26: =IFERROR(VLOOKUP(A26,Inv!$A$3:'Inv'!$E$2002,3,FALSE),"") | E26: =IFERROR(VLOOKUP(A26,Inv!$A$3:'Inv'!$E$2002,4,FALSE),"") | F26: =IFERROR(VLOOKUP(A26,Inv!$A$3:'Inv'!$E$2002,5,FALSE),"") | I26: =IFERROR(E26*G26,"")
B27: =IFERROR(VLOOKUP(A27,Inv!$A$3:'Inv'!$E$2002,2,FALSE),"") | C27: =IFERROR(VLOOKUP(A27,Inv!$A$3:'Inv'!$E$2002,3,FALSE),"") | E27: =IFERROR(VLOOKUP(A27,Inv!$A$3:'Inv'!$E$2002,4,FALSE),"") | F27: =IFERROR(VLOOKUP(A27,Inv!$A$3:'Inv'!$E$2002,5,FALSE),"") | I27: =IFERROR(E27*G27,"")
B28: =IFERROR(VLOOKUP(A28,Inv!$A$3:'Inv'!$E$2002,2,FALSE),"") | C28: =IFERROR(VLOOKUP(A28,Inv!$A$3:'Inv'!$E$2002,3,FALSE),"") | E28: =IFERROR(VLOOKUP(A28,Inv!$A$3:'Inv'!$E$2002,4,FALSE),"") | F28: =IFERROR(VLOOKUP(A28,Inv!$A$3:'Inv'!$E$2002,5,FALSE),"") | I28: =IFERROR(E28*G28,"")
B29: =IFERROR(VLOOKUP(A29,Inv!$A$3:'Inv'!$E$2002,2,FALSE),"") | C29: =IFERROR(VLOOKUP(A29,Inv!$A$3:'Inv'!$E$2002,3,FALSE),"") | E29: =IFERROR(VLOOKUP(A29,Inv!$A$3:'Inv'!$E$2002,4,FALSE),"") | F29: =IFERROR(VLOOKUP(A29,Inv!$A$3:'Inv'!$E$2002,5,FALSE),"") | I29: =IFERROR(E29*G29,"")
B30: =IFERROR(VLOOKUP(A30,Inv!$A$3:'Inv'!$E$2002,2,FALSE),"") | C30: =IFERROR(VLOOKUP(A30,Inv!$A$3:'Inv'!$E$2002,3,FALSE),"") | E30: =IFERROR(VLOOKUP(A30,Inv!$A$3:'Inv'!$E$2002,4,FALSE),"") | F30: =IFERROR(VLOOKUP(A30,Inv!$A$3:'Inv'!$E$2002,5,FALSE),"") | I30: =IFERROR(E30*G30,"")
A31: Shop labor
A32: Labor Work Code # | B32: Work Code Description | E32: Sqft to Process | F32: Sqft/Hr | G32: Estimated Hours | H32: Hourly Rate | I32: Total
A33: 2011 | B33: =IFERROR(VLOOKUP(A33,WC!$A$6:'WC'!$C$30,2,FALSE),"") -> Cabinet Metal Labor | E33: =B47 -> 0 | F33: =VLOOKUP(E33,D48:E52,2,TRUE) -> 1.9 | G33: =CEILING(E33/F33,RateData!B84) -> 0 | H33: =IFERROR(VLOOKUP(A33,WC!$A$6:'WC'!$C$30,3,FALSE),"") -> 97 | I33: =IFERROR(G33*H33,"") -> 0
B34: =IFERROR(VLOOKUP(A34,WC!$A$6:'WC'!$C$30,2,FALSE),"") | H34: =IFERROR(VLOOKUP(A34,WC!$A$6:'WC'!$C$30,3,FALSE),"") | I34: =IFERROR(G34*H34,"")
B35: =IFERROR(VLOOKUP(A35,WC!$A$6:'WC'!$C$30,2,FALSE),"") | H35: =IFERROR(VLOOKUP(A35,WC!$A$6:'WC'!$C$30,3,FALSE),"") | I35: =IFERROR(G35*H35,"")
B36: =IFERROR(VLOOKUP(A36,WC!$A$6:'WC'!$C$30,2,FALSE),"") | H36: =IFERROR(VLOOKUP(A36,WC!$A$6:'WC'!$C$30,3,FALSE),"") | I36: =IFERROR(G36*H36,"")
B37: =IFERROR(VLOOKUP(A37,WC!$A$6:'WC'!$C$30,2,FALSE),"") | H37: =IFERROR(VLOOKUP(A37,WC!$A$6:'WC'!$C$30,3,FALSE),"") | I37: =IFERROR(G37*H37,"")
B38: =IFERROR(VLOOKUP(A38,WC!$A$6:'WC'!$C$30,2,FALSE),"") | H38: =IFERROR(VLOOKUP(A38,WC!$A$6:'WC'!$C$30,3,FALSE),"") | I38: =IFERROR(G38*H38,"")
B39: =IFERROR(VLOOKUP(A39,WC!$A$6:'WC'!$C$30,2,FALSE),"") | H39: =IFERROR(VLOOKUP(A39,WC!$A$6:'WC'!$C$30,3,FALSE),"") | I39: =IFERROR(G39*H39,"")
B40: =IFERROR(VLOOKUP(A40,WC!$A$6:'WC'!$C$30,2,FALSE),"") | H40: =IFERROR(VLOOKUP(A40,WC!$A$6:'WC'!$C$30,3,FALSE),"") | I40: =IFERROR(G40*H40,"")
B41: =IFERROR(VLOOKUP(A41,WC!$A$6:'WC'!$C$30,2,FALSE),"") | H41: =IFERROR(VLOOKUP(A41,WC!$A$6:'WC'!$C$30,3,FALSE),"") | I41: =IFERROR(G41*H41,"")
B42: =IFERROR(VLOOKUP(A42,WC!$A$6:'WC'!$C$30,2,FALSE),"") | H42: =IFERROR(VLOOKUP(A42,WC!$A$6:'WC'!$C$30,3,FALSE),"") | I42: =IFERROR(G42*H42,"")
B43: =IFERROR(VLOOKUP(A43,WC!$A$6:'WC'!$C$30,2,FALSE),"") | H43: =IFERROR(VLOOKUP(A43,WC!$A$6:'WC'!$C$30,3,FALSE),"") | I43: =IFERROR(G43*H43,"")
B44: =IFERROR(VLOOKUP(A44,WC!$A$6:'WC'!$C$30,2,FALSE),"") | H44: =IFERROR(VLOOKUP(A44,WC!$A$6:'WC'!$C$30,3,FALSE),"") | I44: =IFERROR(G44*H44,"")
A45: Formula calculation details below DO NOT ALTER | D45: Data in RateData sheet
A47: sqft | B47: =(B7*B8/144)*B6 -> 0 | D47: speed table lookup
A48: perimeter | B48: =(((B7+B8)*2)/12)*B6 -> 0 | D48: =RateData!B47 -> 0 | E48: =RateData!D47 -> 1.9
A49: area of filler | B49: =(B9/12)*B48 -> 0 | D49: =RateData!B48 -> 5 | E49: =RateData!D48 -> 3.8
A50: pre-painted aluminum sheets used | B50: =B6 -> 1 | D50: =RateData!B49 -> 25 | E50: =RateData!D49 -> 6.65
A51: pre-painted alum sheet sqft | B51: 40 | D51: =RateData!B50 -> 40 | E51: =RateData!D50 -> 9.5
D52: =RateData!B51 -> 50 | E52: =RateData!D56 -> 6.65

Sheet Post and panel sign
A1: Post and Panel sign
A2: Job number | B2: ='HEADER INFO'!B2 -> J36938
A3: Job name | B3: ='HEADER INFO'!B3 -> Community National Bank and Trust
B4: Rectangular | C4: <<<Choose Rectangular or Radius/Angle shape
B5: 0 | C5: <<< Choose number of extra paint colors over 1 standard
A6: Number of signs? | B6: 1
A7: Height inches? | B7: 0
A8: Length inches? | B8: 0
A9: Depth inches? | B9: 3 | C9: <<< Choose post depth only 2", 3" or 4"
A10: Number of posts? | B10: 0
A11: Length of post inches? | B11: 0
A12: Total price | B12: =SUM(I17:I44) -> 0
A15: Inventory items | B15: Inventory items
A16: Inventory Item Description | B16: Inventory # | C16: Unit Cost | E16: Unit Price | F16: Unit Measure | G16: Units Needed | I16: Total
A17: 2 x .125 ArchAl Sq Tube 24' | B17: =IFERROR(VLOOKUP(A17,Inv!$A$3:'Inv'!$E$2002,2,FALSE),"") -> 25035 | C17: =IFERROR(VLOOKUP(A17,Inv!$A$3:'Inv'!$E$2002,3,FALSE),"") -> 4.146 | E17: =IFERROR(VLOOKUP(A17,Inv!$A$3:'Inv'!$E$2002,4,FALSE),"") -> 7.464 | F17: =IFERROR(VLOOKUP(A17,Inv!$A$3:'Inv'!$E$2002,5,FALSE),"") -> FT | G17: =IF(B9=2,CEILING(B50,10),0) -> 0 | I17: =IFERROR(E17*G17,"") -> 0
A18: 3 x .125 Arch Alum Sq Tube 24' | B18: =IFERROR(VLOOKUP(A18,Inv!$A$3:'Inv'!$E$2002,2,FALSE),"") -> 25050 | C18: =IFERROR(VLOOKUP(A18,Inv!$A$3:'Inv'!$E$2002,3,FALSE),"") -> 6.448 | E18: =IFERROR(VLOOKUP(A18,Inv!$A$3:'Inv'!$E$2002,4,FALSE),"") -> 11.608 | F18: =IFERROR(VLOOKUP(A18,Inv!$A$3:'Inv'!$E$2002,5,FALSE),"") -> FT | G18: =IF(B9=3,CEILING(B50,10),0) -> 0 | I18: =IFERROR(E18*G18,"") -> 0
A19: 4 x .125 ArchAl Sq Tube 24' | B19: =IFERROR(VLOOKUP(A19,Inv!$A$3:'Inv'!$E$2002,2,FALSE),"") -> 25060 | C19: =IFERROR(VLOOKUP(A19,Inv!$A$3:'Inv'!$E$2002,3,FALSE),"") -> 9.977 | E19: =IFERROR(VLOOKUP(A19,Inv!$A$3:'Inv'!$E$2002,4,FALSE),"") -> 17.96 | F19: =IFERROR(VLOOKUP(A19,Inv!$A$3:'Inv'!$E$2002,5,FALSE),"") -> FT | G19: =IF(B9=4,CEILING(B50,10),0) -> 0 | I19: =IFERROR(E19*G19,"") -> 0
A20: .090 Mil Alum 3003 | B20: =IFERROR(VLOOKUP(A20,Inv!$A$3:'Inv'!$E$2002,2,FALSE),"") -> 24055 | C20: =IFERROR(VLOOKUP(A20,Inv!$A$3:'Inv'!$E$2002,3,FALSE),"") -> 4.187 | E20: =IFERROR(VLOOKUP(A20,Inv!$A$3:'Inv'!$E$2002,4,FALSE),"") -> 7.537 | F20: =IFERROR(VLOOKUP(A20,Inv!$A$3:'Inv'!$E$2002,5,FALSE),"") -> SQFT | G20: =CEILING(B51,20) -> 0 | I20: =IFERROR(E20*G20,"") -> 0
A21: Estimate for Misc Hardware & Adhesive Materials | B21: =IFERROR(VLOOKUP(A21,Inv!$A$3:'Inv'!$E$2002,2,FALSE),"") -> EST HARDWARE-ADHESIV | C21: =IFERROR(VLOOKUP(A21,Inv!$A$3:'Inv'!$E$2002,3,FALSE),"") -> 0 | E21: =IFERROR(VLOOKUP(A21,Inv!$A$3:'Inv'!$E$2002,4,FALSE),"") -> 3 | F21: =IFERROR(VLOOKUP(A21,Inv!$A$3:'Inv'!$E$2002,5,FALSE),"") -> SQFT | G21: =IF(B46<>0,MAX(13,B46),0) -> 0 | I21: =IFERROR(E21*G21,"") -> 0
A22: 2 x .125 ArchAl Sq Tube 24' | B22: =IFERROR(VLOOKUP(A22,Inv!$A$3:'Inv'!$E$2002,2,FALSE),"") -> 25035 | C22: =IFERROR(VLOOKUP(A22,Inv!$A$3:'Inv'!$E$2002,3,FALSE),"") -> 4.146 | E22: =IFERROR(VLOOKUP(A22,Inv!$A$3:'Inv'!$E$2002,4,FALSE),"") -> 7.464 | F22: =IFERROR(VLOOKUP(A22,Inv!$A$3:'Inv'!$E$2002,5,FALSE),"") -> FT | G22: =IF(B9=2,CEILING(B52,10),0) -> 0 | I22: =IFERROR(E22*G22,"") -> 0
A23: 3 x .125 Arch Alum Sq Tube 24' | B23: =IFERROR(VLOOKUP(A23,Inv!$A$3:'Inv'!$E$2002,2,FALSE),"") -> 25050 | C23: =IFERROR(VLOOKUP(A23,Inv!$A$3:'Inv'!$E$2002,3,FALSE),"") -> 6.448 | E23: =IFERROR(VLOOKUP(A23,Inv!$A$3:'Inv'!$E$2002,4,FALSE),"") -> 11.608 | F23: =IFERROR(VLOOKUP(A23,Inv!$A$3:'Inv'!$E$2002,5,FALSE),"") -> FT | G23: =IF(B9=3,CEILING(B52,10),0) -> 0 | I23: =IFERROR(E23*G23,"") -> 0
A24: 4 x .125 ArchAl Sq Tube 24' | B24: =IFERROR(VLOOKUP(A24,Inv!$A$3:'Inv'!$E$2002,2,FALSE),"") -> 25060 | C24: =IFERROR(VLOOKUP(A24,Inv!$A$3:'Inv'!$E$2002,3,FALSE),"") -> 9.977 | E24: =IFERROR(VLOOKUP(A24,Inv!$A$3:'Inv'!$E$2002,4,FALSE),"") -> 17.96 | F24: =IFERROR(VLOOKUP(A24,Inv!$A$3:'Inv'!$E$2002,5,FALSE),"") -> FT | G24: =IF(B9=4,CEILING(B52,10),0) -> 0 | I24: =IFERROR(E24*G24,"") -> 0
A25: Estimate for Custom Paint Color | B25: =IFERROR(VLOOKUP(A25,Inv!$A$3:'Inv'!$E$2002,2,FALSE),"") -> EST PAINT - CUSTOM | C25: =IFERROR(VLOOKUP(A25,Inv!$A$3:'Inv'!$E$2002,3,FALSE),"") -> 0.02856 | E25: =IFERROR(VLOOKUP(A25,Inv!$A$3:'Inv'!$E$2002,4,FALSE),"") -> 0.051 | F25: =IFERROR(VLOOKUP(A25,Inv!$A$3:'Inv'!$E$2002,5,FALSE),"") -> GM | G25: =IF(B57<>0,MAX(1471,(B57+B49)+F47),0) -> 0 | I25: =IFERROR(E25*G25,"") -> 0
B26: =IFERROR(VLOOKUP(A26,Inv!$A$3:'Inv'!$E$2002,2,FALSE),"") | C26: =IFERROR(VLOOKUP(A26,Inv!$A$3:'Inv'!$E$2002,3,FALSE),"") | E26: =IFERROR(VLOOKUP(A26,Inv!$A$3:'Inv'!$E$2002,4,FALSE),"") | F26: =IFERROR(VLOOKUP(A26,Inv!$A$3:'Inv'!$E$2002,5,FALSE),"") | I26: =IFERROR(E26*G26,"")
B27: =IFERROR(VLOOKUP(A27,Inv!$A$3:'Inv'!$E$2002,2,FALSE),"") | C27: =IFERROR(VLOOKUP(A27,Inv!$A$3:'Inv'!$E$2002,3,FALSE),"") | E27: =IFERROR(VLOOKUP(A27,Inv!$A$3:'Inv'!$E$2002,4,FALSE),"") | F27: =IFERROR(VLOOKUP(A27,Inv!$A$3:'Inv'!$E$2002,5,FALSE),"") | I27: =IFERROR(E27*G27,"")
B28: =IFERROR(VLOOKUP(A28,Inv!$A$3:'Inv'!$E$2002,2,FALSE),"") | C28: =IFERROR(VLOOKUP(A28,Inv!$A$3:'Inv'!$E$2002,3,FALSE),"") | E28: =IFERROR(VLOOKUP(A28,Inv!$A$3:'Inv'!$E$2002,4,FALSE),"") | F28: =IFERROR(VLOOKUP(A28,Inv!$A$3:'Inv'!$E$2002,5,FALSE),"") | I28: =IFERROR(E28*G28,"")
B29: =IFERROR(VLOOKUP(A29,Inv!$A$3:'Inv'!$E$2002,2,FALSE),"") | C29: =IFERROR(VLOOKUP(A29,Inv!$A$3:'Inv'!$E$2002,3,FALSE),"") | E29: =IFERROR(VLOOKUP(A29,Inv!$A$3:'Inv'!$E$2002,4,FALSE),"") | F29: =IFERROR(VLOOKUP(A29,Inv!$A$3:'Inv'!$E$2002,5,FALSE),"") | I29: =IFERROR(E29*G29,"")
B30: =IFERROR(VLOOKUP(A30,Inv!$A$3:'Inv'!$E$2002,2,FALSE),"") | C30: =IFERROR(VLOOKUP(A30,Inv!$A$3:'Inv'!$E$2002,3,FALSE),"") | E30: =IFERROR(VLOOKUP(A30,Inv!$A$3:'Inv'!$E$2002,4,FALSE),"") | F30: =IFERROR(VLOOKUP(A30,Inv!$A$3:'Inv'!$E$2002,5,FALSE),"") | I30: =IFERROR(E30*G30,"")
A31: Shop labor | B31: Shop labor
A32: Labor Work Code # | B32: Work Code Description | E32: Sqft to Process | F32: Sqft/Hr | G32: Estimated Hours | H32: Hourly Rate | I32: Total
A33: 2011 | B33: =IFERROR(VLOOKUP(A33,WC!$A$6:'WC'!$C$30,2,FALSE),"") -> Cabinet Metal Labor | C33: body | E33: =B46 -> 0 | F33: =VLOOKUP(E33,A60:B64,2,TRUE) -> 0.95 | G33: =CEILING(E33/F33,RateData!B84) -> 0 | H33: =IFERROR(VLOOKUP(A33,WC!$A$6:'WC'!$C$30,3,FALSE),"") -> 97 | I33: =IFERROR(G33*H33,"") -> 0
A34: 2011 | B34: =IFERROR(VLOOKUP(A34,WC!$A$6:'WC'!$C$30,2,FALSE),"") -> Cabinet Metal Labor | C34: posts | E34: =B52 -> 0 | F34: =B56 -> 24 | G34: =CEILING(E34/F34,RateData!B84) -> 0 | H34: =IFERROR(VLOOKUP(A34,WC!$A$6:'WC'!$C$30,3,FALSE),"") -> 97 | I34: =IFERROR(G34*H34,"") -> 0
A35: 2110 | B35: =IFERROR(VLOOKUP(A35,WC!$A$6:'WC'!$C$30,2,FALSE),"") -> Paint Prep Labor | C35: body | E35: =B55 -> 0 | F35: =B47 -> 15 | G35: =CEILING(E35/F35,RateData!B84) -> 0 | H35: =IFERROR(VLOOKUP(A35,WC!$A$6:'WC'!$C$30,3,FALSE),"") -> 97 | I35: =IFERROR(G35*H35,"") -> 0
A36: 2112 | B36: =IFERROR(VLOOKUP(A36,WC!$A$6:'WC'!$C$30,2,FALSE),"") -> Paint Cabinet & Letters Labor | C36: body | E36: =B55 -> 0 | F36: =B47 -> 15 | G36: =CEILING(E36/F36,RateData!B84) -> 0 | H36: =IFERROR(VLOOKUP(A36,WC!$A$6:'WC'!$C$30,3,FALSE),"") -> 97 | I36: =IFERROR(G36*H36,"") -> 0
A37: 2110 | B37: =IFERROR(VLOOKUP(A37,WC!$A$6:'WC'!$C$30,2,FALSE),"") -> Paint Prep Labor | C37: posts | E37: =B53 -> 0 | F37: =B47 -> 15 | G37: =CEILING(E37/F37,RateData!B84) -> 0 | H37: =IFERROR(VLOOKUP(A37,WC!$A$6:'WC'!$C$30,3,FALSE),"") -> 97 | I37: =IFERROR(G37*H37,"") -> 0
A38: 2112 | B38: =IFERROR(VLOOKUP(A38,WC!$A$6:'WC'!$C$30,2,FALSE),"") -> Paint Cabinet & Letters Labor | C38: posts | E38: =B53 -> 0 | F38: =B48 -> 15 | G38: =CEILING(E38/F38,RateData!B84) -> 0 | H38: =IFERROR(VLOOKUP(A38,WC!$A$6:'WC'!$C$30,3,FALSE),"") -> 97 | I38: =IFERROR(G38*H38,"") -> 0
A39: 2110 | B39: =IFERROR(VLOOKUP(A39,WC!$A$6:'WC'!$C$30,2,FALSE),"") -> Paint Prep Labor | D39: Extra color masking | G39: =IF(B57<>0,B5,0) -> 0 | H39: =IFERROR(VLOOKUP(A39,WC!$A$6:'WC'!$C$30,3,FALSE),"") -> 97 | I39: =IFERROR(G39*H39,"") -> 0
A40: 2011 | B40: =IFERROR(VLOOKUP(A40,WC!$A$6:'WC'!$C$30,2,FALSE),"") -> Cabinet Metal Labor | D40: Radius/Angle | G40: =IF(B4="Radius/Angle",G33*H53,0) -> 0 | H40: =IFERROR(VLOOKUP(A40,WC!$A$6:'WC'!$C$30,3,FALSE),"") -> 97 | I40: =IFERROR(G40*H40,"") -> 0
B41: =IFERROR(VLOOKUP(A41,WC!$A$6:'WC'!$C$30,2,FALSE),"") | H41: =IFERROR(VLOOKUP(A41,WC!$A$6:'WC'!$C$30,3,FALSE),"") | I41: =IFERROR(G41*H41,"")
B42: =IFERROR(VLOOKUP(A42,WC!$A$6:'WC'!$C$30,2,FALSE),"") | H42: =IFERROR(VLOOKUP(A42,WC!$A$6:'WC'!$C$30,3,FALSE),"") | I42: =IFERROR(G42*H42,"")
B43: =IFERROR(VLOOKUP(A43,WC!$A$6:'WC'!$C$30,2,FALSE),"") | H43: =IFERROR(VLOOKUP(A43,WC!$A$6:'WC'!$C$30,3,FALSE),"") | I43: =IFERROR(G43*H43,"")
B44: =IFERROR(VLOOKUP(A44,WC!$A$6:'WC'!$C$30,2,FALSE),"") | H44: =IFERROR(VLOOKUP(A44,WC!$A$6:'WC'!$C$30,3,FALSE),"") | I44: =IFERROR(G44*H44,"")
A45: Formula calculation details below DO NOT ALTER | C45: Data in RateData sheet
A46: sqft | B46: =(B7*B8/144)*B6 -> 0 | C46: post size list | D46: 2 | E46: Extra paint color percentage | F46: =RateData!B5 -> 0.1 | G46: 0 | H46: number of colors list
A47: Post & panel paint prep/sqft/hour | B47: =RateData!B10 -> 15 | D47: 3 | E47: extra paint color materials | F47: =B5*F46*B57*B49 -> 0 | G47: 1
A48: Post & panel paint sqft/hour | B48: =RateData!B11 -> 15 | D48: 4 | G48: 2
A49: Grams of paint/sqft | B49: =RateData!B4 -> 100 | G49: 3
A50: perimeter | B50: =(((B8+B10)*2)/12)*B6 -> 0 | G50: 4
A51: sqft of faces | B51: =B46*2 -> 0 | G51: 5
A52: feet of post | B52: =(B11*B10/12)*B6 -> 0 | G52: Rectangular | H52: 0
A53: Area of posts to paint | B53: =(B9/12)*4*B52 -> 0 | G53: Radius/Angle | H53: =RateData!B16 -> 0.25
A54: area of filler | B54: =(B9/12)*B50 -> 0
A55: body area to paint | B55: =B54+B51 -> 0
A56: Post & panel feet of post fab feet/hour | B56: =RateData!B17 -> 24
A57: total post and panel paint area | B57: =B53+B55 -> 0
A59: speed table lookup
A60: =RateData!B52 -> 0 | B60: =RateData!D52 -> 0.95
A61: =RateData!B53 -> 4 | B61: =RateData!D53 -> 1.9
A62: =RateData!B54 -> 10 | B62: =RateData!D54 -> 2.85
A63: =RateData!B55 -> 20 | B63: =RateData!D55 -> 3.8
A64: =RateData!B56 -> 30 | B64: =RateData!D56 -> 6.65

Sheet Post and panel sign (2)
A1: Post and Panel sign
A2: Job number | B2: ='HEADER INFO'!B2 -> J36938
A3: Job name | B3: ='HEADER INFO'!B3 -> Community National Bank and Trust
B4: Rectangular | C4: <<<Choose Rectangular or Radius/Angle shape
B5: 0 | C5: <<< Choose number of extra paint colors over 1 standard
A6: Number of signs? | B6: 1
A7: Height inches? | B7: 0
A8: Length inches? | B8: 0
A9: Depth inches? | B9: 3 | C9: <<< Choose post depth only 2", 3" or 4"
A10: Number of posts? | B10: 0
A11: Length of post inches? | B11: 0
A12: Total price | B12: =SUM(I17:I44) -> 0
A15: Inventory items | B15: Inventory items
A16: Inventory Item Description | B16: Inventory # | C16: Unit Cost | E16: Unit Price | F16: Unit Measure | G16: Units Needed | I16: Total
A17: 2 x .125 ArchAl Sq Tube 24' | B17: =IFERROR(VLOOKUP(A17,Inv!$A$3:'Inv'!$E$2002,2,FALSE),"") -> 25035 | C17: =IFERROR(VLOOKUP(A17,Inv!$A$3:'Inv'!$E$2002,3,FALSE),"") -> 4.146 | E17: =IFERROR(VLOOKUP(A17,Inv!$A$3:'Inv'!$E$2002,4,FALSE),"") -> 7.464 | F17: =IFERROR(VLOOKUP(A17,Inv!$A$3:'Inv'!$E$2002,5,FALSE),"") -> FT | G17: =IF(B9=2,CEILING(B50,10),0) -> 0 | I17: =IFERROR(E17*G17,"") -> 0
A18: 3 x .125 Arch Alum Sq Tube 24' | B18: =IFERROR(VLOOKUP(A18,Inv!$A$3:'Inv'!$E$2002,2,FALSE),"") -> 25050 | C18: =IFERROR(VLOOKUP(A18,Inv!$A$3:'Inv'!$E$2002,3,FALSE),"") -> 6.448 | E18: =IFERROR(VLOOKUP(A18,Inv!$A$3:'Inv'!$E$2002,4,FALSE),"") -> 11.608 | F18: =IFERROR(VLOOKUP(A18,Inv!$A$3:'Inv'!$E$2002,5,FALSE),"") -> FT | G18: =IF(B9=3,CEILING(B50,10),0) -> 0 | I18: =IFERROR(E18*G18,"") -> 0
A19: 4 x .125 ArchAl Sq Tube 24' | B19: =IFERROR(VLOOKUP(A19,Inv!$A$3:'Inv'!$E$2002,2,FALSE),"") -> 25060 | C19: =IFERROR(VLOOKUP(A19,Inv!$A$3:'Inv'!$E$2002,3,FALSE),"") -> 9.977 | E19: =IFERROR(VLOOKUP(A19,Inv!$A$3:'Inv'!$E$2002,4,FALSE),"") -> 17.96 | F19: =IFERROR(VLOOKUP(A19,Inv!$A$3:'Inv'!$E$2002,5,FALSE),"") -> FT | G19: =IF(B9=4,CEILING(B50,10),0) -> 0 | I19: =IFERROR(E19*G19,"") -> 0
A20: .090 Mil Alum 3003 | B20: =IFERROR(VLOOKUP(A20,Inv!$A$3:'Inv'!$E$2002,2,FALSE),"") -> 24055 | C20: =IFERROR(VLOOKUP(A20,Inv!$A$3:'Inv'!$E$2002,3,FALSE),"") -> 4.187 | E20: =IFERROR(VLOOKUP(A20,Inv!$A$3:'Inv'!$E$2002,4,FALSE),"") -> 7.537 | F20: =IFERROR(VLOOKUP(A20,Inv!$A$3:'Inv'!$E$2002,5,FALSE),"") -> SQFT | G20: =CEILING(B51,20) -> 0 | I20: =IFERROR(E20*G20,"") -> 0
A21: Estimate for Misc Hardware & Adhesive Materials | B21: =IFERROR(VLOOKUP(A21,Inv!$A$3:'Inv'!$E$2002,2,FALSE),"") -> EST HARDWARE-ADHESIV | C21: =IFERROR(VLOOKUP(A21,Inv!$A$3:'Inv'!$E$2002,3,FALSE),"") -> 0 | E21: =IFERROR(VLOOKUP(A21,Inv!$A$3:'Inv'!$E$2002,4,FALSE),"") -> 3 | F21: =IFERROR(VLOOKUP(A21,Inv!$A$3:'Inv'!$E$2002,5,FALSE),"") -> SQFT | G21: =IF(B46<>0,MAX(13,B46),0) -> 0 | I21: =IFERROR(E21*G21,"") -> 0
